Data Mentah,Data hasil Preprocessing
"Admin ovo pada gak ada yang becus kerja.... Saya mau konfirmasi kehilangan nomor, saya di suruh megirimkan selfi pegang KTP udah saya turuti, saya di over"" ke admin lain dan di minta persyaratan yang sama, kalau gak bisa kerja mending gak usah kerja.... Nomor call center nya gak bisa di hubugi.... Ini aplikasi makin kesini makin parah.... Pelayanan kurang baik dan kurang cerdas.... Apa karna ada saldo gw di akun gw makanya di persulit??? Mau kriminal kah??????",admin ovo becus kerja konfirmasi kehilangan nomor suruh megirimkan selfi pegang ktp turuti over admin meminta persyaratan kerja lebih baik perlu kerja nomor call center hubugi aplikasi kesini parah pelayanan kurang baik kurang cerdas saldo akun persulit kriminal kah
"Salah 1 pengguna yg sangat2 kecewa ma Ovo, udh top up token tengah malam, token gag masuk, adm cm blg mohon ditunggu 24 jam & mohon maaf atas ketidaknyamanannya. Masa y kita diminta seharian gelap2n??? Udh fee nya mahal, gag jelas pula. Mending pakai Mbanking ato ke gerai isi ulang aja, pasti jelas2 masuk",salah pengguna kecewa ovo udah top up token tengah malam token masuk adm bilang ditunggu jam maaf atas ketidaknyamanannya masa diminta seharian gelap udah fee mahal jelas lebih baik pakai mbanking gerai isi ulang jelas masuk
"Jelek..jangan coba2 pakai ovo,transfer ke rekening bank,status berhasil tapi uang tidak masuk ke rekening,minta pertanggung jawaban suruh nunggu,udah 10 hari kita konfirmasi lagi.tau tau akun kita di blokir otomatis.aplikasi sampah merugukin orang lain semoga tahun depan anda bangkruttttttt",jelek coba pakai ovo transfer rekening bank status berhasil uang masuk rekening meminta pertanggung jawaban suruh menunggu konfirmasi tahu tahu akun blokir otomatis aplikasi sampah merugukin orang semoga tahun bangkrut
"tolong cepat di berikan tindakan perbaikan server nya pada saat transfer ke sesama pengguna ovo,saya dari semalam hingga ke pagi ini masih saja belum bisa melakukan transfer pembayaran sangat memalukan jika dalam waktu selama itu masih belum ada tindakan apa Apun dari pihak ovo.... Kipakkkk lah......",cepat berikan tindakan perbaikan server transfer pengguna ovo semalam pagi melakukan transfer pembayaran memalukan waktu tindakan apapun pihak ovo kipak
Sumpah ni apk mulai bermasalah. Kemrin saya isi pulsaku sendiri yg 75k terganggu saya tunggu 1x24 eh di cancel tapi saldoku terpotong. Samai sekarang belum dikembalikan saldoku. Ini sudah ke dua kalinya terjadi samaku. Aq hubungin adminnya malah adminnya bilang tidak tau. Mulai gak jelas kalau seperti begini. Ini bukan dibuat2 tapi benar sudah terjadi samaku. Hati2 kawan kawan. Mendingan pakai Apk DANA,sumpah aplikasi mulai bermasalah kemrin isi pulsaku terganggu tunggu eh batal saldoku terpotong samai dikembalikan saldoku dua kalinya terjadi samaku hubungin adminnya adminnya bilang tahu mulai jelas dibuat benar terjadi samaku hati kawan kawan mendingan pakai aplikasi dana
ayo apus ovo skrgg!!! saya verivikasi drtd nomor nya kaga masuk . sangat merugikan . pake dana aja lebih bersahabat!!!!!!mana saya habis transfer dari dana ke ovo. sangat merugikan duit nya ga masuk !!!,ayo hapus ovo skrgg verivikasi dari tadi nomor masuk merugikan pakai dana bersahabat habis transfer dana ovo merugikan duit masuk
"Duh ini kenapa ya? Saya kemarin ngisi grab pake ovo 50ribu, pagi ini ada potongan dari PFI Mega Life 11.200 padahal saya gak merasa berlangganan apapun di grab? Saya cek riwayat tidak ada satupun tagihan kok terpotong? Gimana nih penjelasannya?",aduh kemarin mengisi grab pakai ovo ribu pagi potongan pfi mega life merasa berlangganan apapun grab cek riwayat satupun tagihan terpotong penjelasannya
"Setelah di update tidak bisa upgrade ke akun premium. Padahal sudah sesuai prosedur yang ditulis. Mulai dari foto ktp asli, gambar sudah jelas dan tidak blur. Tp tetap g bisa dan suruh diulang. Mohon segera diperbaiki. Terima kasih",update upgrade akun premium sesuai prosedur ditulis mulai foto ktp asli gambar jelas blur tetap suruh diulang diperbaiki terima
Gimana nya ini aplikasi nya. Sy pengguna ovo premier. Saya mendapatkan transferan sesama ovo. Tp sdh 10jam saldo sy tidak bertambah. Aplikasi bujang nya ini. Jgn di downlod rugi klen nanti.uang kalian hilang. Klow ovo nya ngk senang bs hub ke no sy,aplikasi pengguna ovo premier mendapatkan transferan ovo jam saldo bertambah aplikasi bujang downlod rugi uang hilang ovo senang hubungi no
sumpah ini aplikasi gak jelas!!! upgrate foto ktp selalu di tolak padahal ktp masih mulus gak ada cacatnya. selanjutnya mau hapus akun aja Malah tambah Ruwet!!!!!!!! pokoknya ini aplikasi sangat ribetttt,sumpah aplikasi jelas upgrate foto ktp tolak ktp mulus cacatnya selanjutnya hapus akun tambah ruwet pokoknya aplikasi ribet
"Penanganan nya lambat, salah masukin pin gara2 hp nya ngebleng, tlfn cs, katanya segera di bantu, nyampe sore msh blm ada kabar, mana lumayan saldo nya masih banyak, saldo itu hasil narik ojol buat beli susu anak dll, tolong lh segera di respon",penanganan lambat salah masukkan pin gara handphone ngebleng tlfn cs katanya bantu sore kabar lumayan saldo saldo hasil menarik ojol beli susu anak dan lain-lain respon
"Udah tlp Cs sampe habis pulsa gak ada hasil, katanya tgl lahir gak sama dengan NIK malah disuruh rubah nik, NIK itu sifatnya individu gak bisa di ganti mau datang ke disduk capil juga ampe kiamat pun gbisa diganti, cs nya gak membantu, mau upgrade ke premier aja susah, gak recomended banget, dan GAK ADA HASIL",telepon cs habis pulsa hasil katanya tanggal lahir nik disuruh rubah nik nik sifatnya individu ganti datang disduk capil kiamat gbisa diganti cs membantu upgrade premier susah recomended banget hasil
"Tolong cs. Cepat buka dan balas email saya terkait pengaduan saldo ovo cash saya, sebelum top up saldo saya 5k, top up dari tf bank CIMB niaga, dan udah ada notif top up 10k berhasil saldo saya cuma 10k, harusnya 14k dari estimasi pemotongan biaya top up",cs cepat balas email terkait pengaduan saldo ovo cash top up saldo top up tf bank cimb niaga notif top up berhasil saldo estimasi pemotongan biaya top up
"Saya ingin melakukan upgrade ovo premier namun selalu gagal uplod foto e-KTP padahal kondisi e-KTP baik dan pencahayaan pun baik, mohon diperbaiki sistemnya, seperti aplikasi lain harusnya yang mempermudah penggunanya, maaf bintang 1",melakukan upgrade ovo premier gagal uplod foto ktp kondisi ktp baik pencahayaan baik diperbaiki sistemnya aplikasi mempermudah penggunanya maaf bintang
Ovo tidak bertanggung jawab selalu bikin rugi pelanggan..awal transfer dana nga masuk..sekarang token..voucer nya nga ada saldo kepotong udh lapor dengan bukti2 udh kirim berhari hari nga ada kabar..kaya proses uang 2 miliar aja..hanya 22.000 aja mau makan uang pelanggan..nga malu sama nama besar ovo dengan pelayanan seperti ini..manusia sabar ada batasnya..,ovo bertanggung jawab rugi pelanggan awal transfer dana masuk token voucer saldo kepotong udah lapor bukti udah kirim berhari kabar kayak proses uang miliar makan uang pelanggan malu nama besar ovo pelayanan manusia sabar batasnya
"Mohon data pribadi saya dihapuskan, apabila ada pihak yang menyalah gunakan data pribadi saya bukan tanggung jawab saya dan tidak segan-segan melaporkan ke pihak berwajib, karena pelayanannya lambat ,masa trnsafer unag lama betul",data pribadi dihapuskan pihak menyalah gunakan data pribadi tanggung jawab segan segan melaporkan pihak berwajib pelayanannya lambat masa trnsafer unag betul
"Ovo udh mulai cacat kayaknya..kirim uang ke akun dana kagak bisa, ke semua bank juga kagak bisa,mulai dari bri,bni, permata, bca, dan smua bank tidak bisa, keterngn gagal kan parah ni..makin cacat aja ovo..",ovo udah mulai cacat kirim uang akun dana bank mulai bri bni permata baca bank keterngn gagal parah cacat ovo
"Bintang satu dulu karena ada pertanyaan, ketika daftar dan pilih upgrade ada foto KTP, sudah saya foto berkali2 dan padahal sudah jelas tapi masih mengulang terus, apakah harus tetap dengan KTP atau Ovo saya sudah bisa dipakai",bintang satu pertanyaan daftar pilih upgrade foto ktp foto berkali jelas mengulang terus tetap ktp ovo dipakai
"Setiap kali top up dan mau membeli paket lewat ovo, selalu tidak bisa login sampai akun terblokir, dan untuk mengembalikannya harus tlp ke cs. Nya kan sayang pulsa. Jadi males pake ovo mening pake dana ga ribet.",kali top up membeli paket lewat ovo login akun terblokir untuk mengembalikannya telepon cs sayang pulsa jadi malas pakai ovo mening pakai dana ribet
Aplikasi pembohong . Penipu . Jgan pernah pakai aplikasi sialan ini utk menyimpan atau bertransaksi . Banyak masih aplikasi yg jujurv. Tidak seperti ovo . Akun saya di blokir . Uang saya tidak kembali.,aplikasi pembohong penipu pakai aplikasi sialan untuk menyimpan bertransaksi aplikasi jujurv ovo akun blokir uang kembali
"Sungguh mengecewakan, pembelian pulsa tdk berhasil (cancelled) sistim tp saldo tdk kembali, pengurusan berbelit dan lama sekali... Sudah diikuti 1x24 jam... Tetep tdk ada tdk lanjut... Sdh tidak minat dg ovo, pusat bantuan jg tdk membantu",sungguh mengecewakan pembelian pulsa berhasil cancelled sistim saldo kembali pengurusan berbelit diikuti jam tetap lanjut minat ovo pusat bantuan membantu
"Bingung sama app ini? Uang ketanam , respon lambat , niat nggak si buka app? Atau memang begitu cara cari untungnya karena nggak banyak orang yang mau pakai? Seharusnya kalau sudah ada complain langsung di action. tolong cs nya lebih bijak , siapa tau ada kebutuhan urgent dari teman teman yg lain sementara uangnya tertahan didalam , entah itu , mohon maaf,bener bener masalah urgent , terus tanggung jawab dari pihak ovo seperti apa? Noted : not very very very very very recommended app ğŸ™ğŸ™ğŸ™",bingung app uang ketanam respon lambat niat app cara cari untungnya orang pakai complain langsung action cs bijak tahu kebutuhan urgent teman teman uangnya tertahan didalam tidak tahu maaf benar benar masalah urgent terus tanggung jawab pihak ovo noted very very very very very recommended app
top up 75rb yg masuk ke ovo 73.500 saya top up lagi doptong lagi 1.500.. adm dan potongan nya membuat saya akan berhenti pakai OVO.. ulasan saya di hapus sebelum nya. dan teman saya juga ulasannya di hapus pihak OVO kali ya.. pasti banyak yg pada jauhi ovo kalau begini nih,top up ribu masuk ovo top up doptong adm potongan membuat berhenti pakai ovo ulasan hapus teman ulasannya hapus pihak ovo kali jauhi ovo
Dari kemaren mau transfer ngk bisa katanya dah melebihi batas transfer padahal saya baru satu kali transfer ini mau yg ke 2 kali dah 5 hari ngk bisa tf ..hubungi cs malah sama aj jawaban nya mana ni solusi nya min ...mulay ragu sama apl ini..,kemarin transfer katanya melebihi batas transfer satu kali transfer kali tf hubungi cs aja jawaban solusi min mulay ragu apl
"Sangat buruk ovo skrg jngan mau pake ovo, saya mau TF aja susah skrg katanya sudah 150tf k RekeningBank padahal saya baru 20kali TF k RekeningBank, mau TF ke sesama ovo saja susah minta ampun, gangguan terus, apk sampah, jngan mau pake ovo kalo yg blm pake , ini apk benar-benar jelek, dan tidak recommended banget.",buruk ovo pakai ovo tf susah katanya tf rekeningbank kali tf rekeningbank tf ovo susah meminta ampun gangguan terus aplikasi sampah pakai ovo pakai aplikasi benar benar jelek recommended banget
"Tolong lah ini... Kenapa susah sekali untuk verifikasi?? Selama 3 hari saya mencoba untuk verifikasi tapi gagal terus karena foto selfie yang tidak diterima. Puluhan kali saya mencoba tapi gagal terus?? Kenapa?? Kenapa dipersulit begini?? Foto saya sudah benar kok, pencahayaan pas, tidak ada aksesoris, tidak terlalu cepat tapi kenapa gagal terus?? Saya pengen nangis aja rasanya... Sulit sekali padahal saya sedang butuh untuk membayar beberapa keperluan kampus. Aplikasi nggak guna sama sekali!!!",susah untuk verifikasi mencoba untuk verifikasi gagal terus foto selfie diterima puluhan kali mencoba gagal terus dipersulit foto benar pencahayaan pas aksesoris cepat gagal terus menangis rasanya sulit butuh untuk membayar keperluan kampus aplikasi
"Sya beli pulsa, 100 Rb saldopun sudah kepotong ko sampe sekarang 1x24 jam belum masuk juga, terus ko di history.a gak ada transaksi.????? Kelanjutan.a gimana minnn ???????????",beli pulsa ribu saldopun kepotong jam masuk terus history transaksi kelanjutan min
"Cuma mau bilang aja yaa. Banyak sii org"" yg bilang apk ini sulit ini lah itu lahh. Tapi selama ini saya pake ovo aman"" aja tuh gada masalah sama skli dan untuk transfer sii cpet cuma knpa harus pake biaya sii ga kaya dana biaya nya 0 rupiah",bilang ya orang bilang aplikasi sulit pakai ovo aman tidak ada masalah untuk transfer cepat pakai biaya kayak dana biaya rupiah
"Kecewa banget sih ama ovo sekarang, cuma buka blokir aja ampe harus bikin surat di atas materai padahal udah jelas akun saya sendiri.. bukti data diri udah di kirim tetep bae harus bikin surat pernyataan.. seribet inikah ovo sekarang ğŸ˜",kecewa banget ovo blokir surat atas materai jelas akun bukti data kirim tetap bae surat pernyataan seribet ovo
"Mw Upgrade ke OVO PREMIER, susah. Pasti alesanNya terkendala foto yg bLur lah, yg kurang pencahayaan lah, kurang jelas lah,, pdhl udh jelas sejelas jelas nya tuh foto. Mgkn koneksi yg dPake OVO msh Pentium jadul. NgGa kyk Aplikasi tetangga, yg gampang mudah verifikasi apapun. Aneh OVO..",now watching upgrade ovo premier susah alesannya terkendala foto blur kurang pencahayaan kurang jelas udah jelas sejelas jelas foto koneksi dpake ovo pentium jaman dulu kayak aplikasi tetangga gampang mudah verifikasi apapun aneh ovo
Tadinya saya kasih bintang 5 sekarang saya turunin ya ovo... Karena ini aplikasi dulu sangat bagus buat saya sekarang kenapa jadi gagu transfer engga bisa sama sekaliğŸ‘¿ğŸ‘¿ğŸ‘¿ğŸ‘¿ and satu lagi untuk operator jangan terlalu lama untuk bicara dengan customer karena blm tentu customer itu punya pulsa banyak... Terima kasih,bintang turunin ovo aplikasi bagus jadi gagu transfer satu untuk operator untuk bicara customer customer punya pulsa terima
"Mending pake aplikasi lain deh yang biaya adminnya dijamin gratis, gk kek aplikasi ini apaÂ² harus pake biaya admin. Kalo top up sih saya wajarkan, ini kita narik dan pindahin ke bank pun tetep kena biaya 2500 rupiah. Hedeuh mending pakai aplikasi lain deh daripada yg ini. ğŸ‘ğŸ»",lebih baik pakai aplikasi deh biaya adminnya dijamin gratis gak kayak aplikasi pakai biaya admin top up wajarkan menarik pindahin bank tetap kena biaya rupiah hedeuh lebih baik pakai aplikasi deh
"Mohon untuk para pengguna ovo, lebih berhati hati dalam melakukan transaksi keuangan dengan aplikasi ovo sebelum mengalami kerugian. Saya dapat pengalaman melakukan transaksi dari ovo ke dana milik saya sendiri, saldo berkurang, notifikasi terkirim berhasil, tetapi saldonya tidak masuk ke dana. Dan saat ini transaksi ovo saya selalu gagal dalam melakukan transaksi.",untuk pengguna ovo berhati hati melakukan transaksi keuangan aplikasi ovo mengalami kerugian pengalaman melakukan transaksi ovo dana milik saldo berkurang notifikasi terkirim berhasil saldonya masuk dana transaksi ovo gagal melakukan transaksi
"apk ovo ini makin kesini makin gak jelas , semakin banyak e-walet baru bukan nya semakin bagus malah semakin ancur , gimana mau banyak pengguna nya , saya kirim uang ke akun Dana saya , dari apk ovo terkirim , tp di apk Dana tidak masuk saldo nya , sudah dari tanggal 3 sampe sekarang belum ada kejelasan , seperti di gantung . padahal di masa sulit seperti saat ini , uang segitu sangat penting sekali . tolong lah system nya di perbaiki lagi , jangan kebanyakan ngopi kerja nya",aplikasi ovo kesini jelas walet bagus hancur pengguna kirim uang akun dana aplikasi ovo terkirim aplikasi dana masuk saldo tanggal kejelasan gantung masa sulit uang segitu penting system perbaiki kebanyakan ngopi kerja
"Ayolah min, tingkatkan lagi apknya Terutama di bagian transfer, kasian penggunanya jika melakukan tf tulisannya gagal gagal terus. Contohnya saya, dari tadi ingin melakukan tf tapi gagal, sungguh parah nih apk!",ayolah min tingkatkan apknya terutama bagian transfer kasihan penggunanya melakukan tf tulisannya gagal gagal terus contohnya melakukan tf gagal sungguh parah aplikasi
Isi ulang pulsa tidak masuk. Tidak tercatat juga di history. Lapor di pusat bantuan lama tersambungnya. Giliran sudah tersambung pelayanan tidak memuaskan. Parah. Jadi ragu mau pakai ovo lagi,isi ulang pulsa masuk tercatat history lapor pusat bantuan tersambungnya giliran tersambung pelayanan memuaskan parah jadi ragu pakai ovo
"Saya selalu gagal masuk ke akun ovo saya padahal tiba tiba keluar dari aplikasi dan ketika masuk lagi katanya sandi salah dan ketika sedang ubah sandi gagal terus, terus gimana bisa saya lapor untuk menyelsaikan masalah ini karena tidak ada menu untuk melaporkan masalah ini",gagal masuk akun ovo tiba tiba keluar aplikasi masuk katanya sandi salah ubah sandi gagal terus terus lapor untuk menyelsaikan masalah menu untuk melaporkan masalah
"Uninstal. Aplikasinya tidak bisa transfer kemanapun uang saya tidak bisa terpakai. Nyangkut di aplikasinya, tolong dong diperbaiki udh berbulan bulan tidak ada perubahan, pindah aplikasi saja.",uninstal aplikasinya transfer kemanapun uang terpakai nyangkut aplikasinya diperbaiki udah berbulan bulan perubahan pindah aplikasi
Saya beli pulsa gak masuk. Saldo udah kepotong. Custamer service nya lemot gk ada solusi. Sya sudah berkali kali kontak by email dan hubungi cust service. Tpi masalah gk selesai. Kapok no recomend,beli pulsa masuk saldo kepotong custamer service lambat gak solusi berkali kali kontak by email hubungi cust service masalah gak selesai kapok no recomend
"Heh mau upgrade kenapa susah banget sih?! Kamera saya Bagus, jernih, fotonya gak blur sama sekali, kondisi KTP nya jga baik ga cacat. Ini kenapa susah banget sih??! Tolong dong saya mau transfer duitnya ini:( pls bgt knp ga bisa2 sihğŸ˜­ dah deseperate saya nyoba foto berkali2",heh upgrade susah banget kamera bagus jernih fotonya blur kondisi ktp baik cacat susah banget transfer duitnya banget deseperate mencoba foto berkali
Parah Pelayanan OVO klo ada Masalh Tanggap dan penyelesaian lambat...dan Akun OVO klo merubah Nomer Hp jangan terpecah jadi 2 akun..saya isi top up di akun lama nah ketika nomer akun lama di rubah menjadi baru..saya top up masuk nya ke nomer akun yang saya ganti/rubah nomer baru... Dan ketika itu di email untuk mengemblikan saldo top up di tutup akun terlebih dahulu dan verifikasi..tapi dh seminggu jawaban nya ga ada selesai nya di CS nya.. Ribet..,parah pelayanan ovo masalah tanggap penyelesaian lambat akun ovo merubah nomer handphone terpecah jadi akun isi top up akun nomer akun rubah menjadi top up masuk nomer akun ganti rubah nomer email untuk mengemblikan saldo top up tutup akun verifikasi deh seminggu jawaban selesai cs ribet
"Pertama kali langganan. Saat ke kasir Alfamart kok gak ada pilihan isi saldo buat aplikasi ini? . Belum diteliti lebih ya? Isi saldo di Alfamart ada kan?. Jadi,Bingung mau apa disana.",pertama kali langganan kasir alfamakok pilihan isi saldo aplikasi diteliti isi saldo alfamaada jadi bingung disana
"Tolong lah pihak ovo jangan mempersulit saya untuk transfer uang ke rekening bank, masa iya dari hari jumat tanggal 6 agustus sampe tanggal 9 agustus gk bisa - bisa buat transfer via rekening bank, biasanya saya transfer uang dari ovo gak masalah2, tapi kok sekarang gk bisa - bisa ya?, tulisan sih external error tapi kok lama bener betulin masalah tersebut???, masa kalah sama aplikasi D**A, disitu bisa2 aja transfer uangnya tanpa ada kendala sama sekali, tolong lah ini diperbaikin.",pihak ovo mempersulit untuk transfer uang rekening bank masa jumat tanggal agustus tanggal agustus gak transfer via rekening bank transfer uang ovo masalah gak tulisan external error benar betulin masalah masa kalah aplikasi disitu transfer uangnya kendala diperbaikin
"Kasian Orang"" transfer dan top up pembayaran sudah berhasil tetapi tidak masuk uangnya termasuk pulsa , sangat merugikan orang lain , Kategori Aplikasi Penipuan. Saya juga beli pulsa pake OVO pembayaran sudah berhasil dan sudah terpotong saldo saya ... Tapi pulsa tidak masuk .. dan tiba"" history pembelian pulsa tidak ada. Aplikasi Bikin rugi",kasihan orang transfer top up pembayaran berhasil masuk uangnya termasuk pulsa merugikan orang kategori aplikasi penipuan beli pulsa pakai ovo pembayaran berhasil terpotong saldo pulsa masuk tiba history pembelian pulsa aplikasi rugi
"Sangat buruk,saya punya saldo di ovo terus saya ingin melakukan pembayaran tapi aplikasinya tdk bisa kebuka. Alasan internet putus padahal sangat lancar,dicoba update sampai hapus data tapi masih tdk bisa. Sangat buruk penilaian saya kali ini,tolong segera diperbaiki",buruk punya saldo ovo terus melakukan pembayaran aplikasinya kebuka alasan internet putus lancar dicoba update hapus data buruk penilaian kali diperbaiki
"Mau transfer harus upgrade ke premium, tapi gagal terus saat foto EKTP, padahal sudah jelas, tidak buram, tidak ada cahaya yg memantul dan lainnya, hadehh sampe berulangkali, menunggu 10 menit berulang kali, mohon dibantu dong, saya sudah dm tuh di Instagram",transfer upgrade premium gagal terus foto ektp jelas buram cahaya memantul hadehh berulangkali menunggu menit berulang kali dibantu dm instagram
"buat para insinyur ovo yg terhormat, tolong dong klen perbaikin apl ovo ini.... uda seminggu gak bisa transfer, isi pulsa, belanja lagi... sampai kpan ni... sudah banyak pengguna ovo yg kecewa... lamaÂ² ko macem taaiikk apl ovo ini... sudah coba lihat youtube caraÂ²nya masih aja gagal di gunakan.....",insinyur ovo terhormat memperbaiki apl ovo seminggu transfer isi pulsa belanja pengguna ovo kecewa taaiikk apl ovo coba lihat youtube cara gagal gunakan
"Baru banget install udah approved ke premium. Ehh dipake tfr ke rekening ga bisa2 mulu. Di chat balesnya lama bener. Tulis disini juga paling cuma di suru kontak cs lagi, udah kak udaah berkali2,, ampe capekk. Skrg cuma mau narik saldo yg udah terlanjur ke topup aja trus auto uninstall. Huft",banget install approved premium eh dipakai tfr rekening terus chat balesnya benar tulis suruh kontak cs kak udaah berkali capekk menarik saldo terlanjur topup terus auto uninstall mengeluh
"saya blum ad melakukan transaksi transfer ke bank lain 150x dalam 1 bulan, dan transaksi transfer 10 x dalam sehari. tp saya sudah tadk bisa transaksi lg. balasan email yg saya terima saya sudh melakukan transaksi transfer melewati batas tersebut. sudah saya kirim history transfer ny per hari masih ajj balasnny sama",melakukan transaksi transfer bank bulan transaksi transfer sehari tadk transaksi balasan email terima melakukan transaksi transfer melewati batas kirim history transfer balasnny
"Cukup kecewa sama apk ini karena sudah 2/3x gangguan di proses transfer antarbank, mohon untuk di tingkat lagi jangan hanya kata maaf !!!!!!!! Banyak orang yg sedang butuh!!!!!!!!! Jangan kalian persulit",cukup kecewa aplikasi gangguan proses transfer antarbank untuk tingkat kata maaf orang butuh persulit
"Mau transfer harus upgrade dulu,,,tapi itu proses upgrade nya susah banget ,,udah email beberapa kali jawaban nya clasic,telpon call center sama sampe pulsa abis 75 ribu,,,bangsaatttt",transfer upgrade proses upgrade susah banget email kali jawaban clasic telpon call center pulsa habis ribu bangsaat
"Min tolong di perbaiki masa udah 2 hari gak bisa tf, trus beli pulsa saldonya terpotong pulsanya gak masuk, trus kalau hubungi operator terlalu slow mutar akhirnya pulsa habis solusi gak ada. Aplikasi payah gak bisa transaksi dari kemarin telpon operator katanya sudah melewati batas transaksi, sampai hari ini tetap gak jadi",min perbaiki masa tf terus beli pulsa saldonya terpotong pulsanya masuk terus hubungi operator slow mutar pulsa habis solusi aplikasi payah transaksi kemarin telpon operator katanya melewati batas transaksi tetap jadi
"Saya transfer, tapi uangnya tidak masuk ke rekening tujuan. Setelah dilaporkan Saya disuruh menunggu selama 2 hari kerja, tapi setelah 2 hari kerja uangnya belum ada masuk ke rekening tujuan, belum ada juga pengembalian ovo cash, setelah itu saya laporkan kembali, dan masih menunggu. Padahal itu uangnya lagi dibutuhkan â˜º",transfer uangnya masuk rekening tujuan dilaporkan disuruh menunggu kerja kerja uangnya masuk rekening tujuan pengembalian ovo cash laporkan kembali menunggu uangnya dibutuhkan
"Selama pakai ovo pernah ada masalah sekali,tapi tim dari ovo cepat menanggapi dan alhamdulillah sdh selesai.masukan aja kalau bisa ovo jg ada program pay later nya,jdi belanja lebih enak,kita gk perlu pake apk lain.",pakai ovo masalah tim ovo cepat menanggapi alhamdulillah selesai masukan ovo program pay later jadi belanja enak gak perlu pakai aplikasi
"Baru aja saya kehilangan hp+nomor yang terdaftar di ovo, kemudian saya menghubungi customer service ovo melalui DM Instagram, respon dan pelayanan nya sangat baik, terimakasih ovo, pertahankan yaa â˜ºï¸",kehilangan handphone nomor terdaftar ovo menghubungi customer service ovo dm instagram respon pelayanan baik terimakasih ovo pertahankan ya
"Aplikasinya sangat menjengkelkan, tidak bisa di upgrade ke premium padahal kondisi ktp, kamera, dll nya sudah memenuhi syarat. Tetapi selalu gagal! Tolong dong aplikasinya diperbaiki lagi, soalnya saya ingin mentransfer saldo saya!!!",aplikasinya menjengkelkan upgrade premium kondisi ktp kamera dan lain-lain memenuhi syarat gagal aplikasinya diperbaiki soalnya mentransfer saldo
"Kemarin malam saya beli pulsa 75.000 ke nomor hp saya dengan biaya 76.500. Saldo OVO telah terpotong 76.500 akan tetapi pulsa tidak masuk. Kemudian ada notifikasi Transaksi telah dicancel, tetapi saldo OVO yg telah terpotong tidak dikembalikan. Mau lapor dari Pusat Bantuan tidak bisa. Harap keluhan saya ini ditindaklanjuti dan saldo OVO saya dikembalikan.",kemarin malam beli pulsa nomor handphone biaya saldo ovo terpotong pulsa masuk notifikasi transaksi dicancel saldo ovo terpotong dikembalikan lapor pusat bantuan harap keluhan ditindaklanjuti saldo ovo dikembalikan
"Udah pake ovo hampir 2 tahun, awalnya lancar lancar aja, kenapa sekarang saya mau top up pake atm gabisa bisa udah liat youtube berkali kali juga tetep ga bisa. Yerus mau tf uang katanya di surup update ovo premium coba berkali kali juga ga bisa yg katanya ktpnya birem segala macemlah, sampe males pake obo lagi!",pakai ovo tahun awalnya lancar lancar top up pakai atm tidak bisa lihat youtube berkali kali tetap yerus tf uang katanya surup update ovo premium coba berkali kali katanya ktpnya birem macemlah malas pakai obo
"Tolong banget dong, ini mau foto KTP buat upgrade ke premium, udah bagus, udah jelas, gak goyang pas di foto tapi malah dibuat buram sama aplikasinya pas hasil foto... Gimana ga disuruh foto ulang terus, capek nunggu 10 menit nya ğŸ˜­",banget foto ktp upgrade premium bagus jelas goyang pas foto dibuat buram aplikasinya pas hasil foto disuruh foto ulang terus cape menunggu menit
"Dia kenapa sih ini, mau buat ulang security code malah nggak mau, disuruh ualng trus pas masukin ulang kode, tak coba ualng terus , malah d suruh nunggu 60 menit karna tralau sering... gilak ini , ini mau bayar cepet, jadi harus nunggu.. kenapa sihhh.. gilak sih",ulang security code disuruh ualng terus pas masukkan ulang kode coba ualng terus suruh menunggu menit tralau gila bayar cepat jadi menunggu gila
"Dear, Developer OVO PT Visionet Internasional. . Apakah pihak OVO ""bekerjasama"" dengan: 1. Developer BeX.mobil ""Gabungkan ke 21"" ? 2. Developer Puzzle! Game LLC ""Gem Master"" ? . Wallet OVO dicantumkan untuk Pembayaran di KEDUA DEVELOPER tersebut dan PEMBAYARANNYA BERULANG KALI DITUNDA. Mohon informasinya. ( sementara saya kasih Bintang ** dulu, menunggu konfirmasi pihak OVO ). .",dear developer ovo pt visionet internasional pihak ovo bekerjasama developer bex mobil gabungkan developer puzzle permainan llc gem master wallet ovo dicantumkan untuk pembayaran kedua developer pembayarannya berulang kali ditunda informasinya bintang menunggu konfirmasi pihak ovo
"Isi pulsa tanggal 10 sampai tangal 12 blom masuk juga, saldo ovo sudah kepotong, dan ga ada bukti struk langsung hilang begitu aja, coba deh tolong cek transaksi nya, klo buat kasih bukti struk nya ya ga ada, tiba"" langsung ke menu utama ovo, berbagus aplikasi bukan malah memperburuk aplikasi,.",isi pulsa tanggal tangal masuk saldo ovo kepotong bukti struk langsung hilang coba deh cek transaksi bukti struk tiba langsung menu utama ovo berbagus aplikasi memperburuk aplikasi
"Hadeeh..aku baru aja mau pake ovo buat bayar toped, tapi kok banyak komen negatif nya gini ya..jadi il'fil deh..takut nanti malah ke tahan saldonya juga ..hmm padahal baru daftar nih,..apa di uninstall aja lagi ya... Kira2 aman gak ya pake ovo?..",hadeeh pakai ovo bayar toped komen negatif jadi il fil deh takut tahan saldonya hmm daftar uninstall kira aman pakai ovo
"Saya mau bayar PPB gagal memproses terus, ini hny sementara coba lagi. Sudah 1minggu saya coba gitu terus, malah koneksi internet saya yg disalahkan. Saya cek lewat aplikasi yg lain sekali saya ketik nomornya langsung keluar total tagihannya. Gimana ini? ğŸ˜“",bayar ppb gagal memproses terus coba minggu coba terus koneksi internet disalahkan cek lewat aplikasi ketik nomornya langsung keluar total tagihannya
"paraahhh bangettt padahal belum mencapai transfer 10 juta, tapi mau transfer susah banget ke antar bank dan sesama ovo. pantesan rating nya turun !! kenapa aplikasi ovo jadi gini sih !!!",parah banget mencapai transfer juta transfer susah banget bank ovo pantesan rating turun aplikasi ovo jadi
Makin parah ini aplikasi. 2 minggu yg lalu beli isi pulsa pending sampe 3 hari. Alhasil dihari ke 4 saldo ovo dikembalikan. Sekarang beli pulsa pending lagi. Kapok gw beli pulsa di ovo.,parah aplikasi minggu beli isi pulsa pending alhasil dihari saldo ovo dikembalikan beli pulsa pending kapok beli pulsa ovo
"Berapa kali ngisi pulsa, token listrik dan kuota data ngakk kunjung mendapatkan bonus, padahal lagi ada promo bonus dari tgl 1-10 Augustus. Padahal Sudah mengikuti update versi terbaru.",kali mengisi pulsa token listrik kuota data ngakk kunjung mendapatkan bonus promo bonus tanggal augustus mengikuti update versi terbaru
"Aplikasi payah. Auto delete aplikasi yg buat uang tertahan saat urgent pingin dingunakan. Perkara kemakan iming2 tf antar bank biayanya Rp.2500 tp bikin susah. Mending bayar Rp.6500 tp dah pasti,kapok dah kapok dengan aplikasi yg bikin panik ini. ""Ini hanya pengalaman pribadi saya,bagi yg tetep mau pake aplikasi ini,silahkan""",aplikasi payah auto delete aplikasi uang tertahan urgent pengin dingunakan perkara termakan iming tf bank biayanya rp susah lebih baik bayar rp kapok kapok aplikasi panik pengalaman pribadi tetap pakai aplikasi silakan
"Apk OVO maksudnya apa.sih..?? Saldo gak bisa digunakan. Trf ke rek bank gagal, topup pulsa di my telkomsel gagal... Saya kecewa dengan apk OVO yg kinerja nya menyebalkan, dri sekian banyak komen di atas saldo Ovo yg tdk bisa di gunakan sampai saat ini tetap tdak ada perubahan...",aplikasi ovo maksudnya saldo digunakan trf rek bank gagal topup pulsa my telkomsel gagal kecewa aplikasi ovo kinerja menyebalkan sekian komen atas saldo ovo gunakan tetap perubahan
"Gak bisa transfer, CS nya lemot, dari jam 12 sampe jam 1 gak ada Jawaban, saya sebagai pengguna mengerti akan antrian tapi gak selama itu, baru kali ini mau keluhan susahnya minta ampun",transfer cs lambat jam jam jawaban pengguna mengerti antrian kali keluhan susahnya meminta ampun
Kalau ambil biaya admin jangan di ambilkan dari top up !!! Udah terlanjur top up di pas2 in malah di ambil buat Admin !!!! Tambah lama tambah tidak berkualitas !!!!,ambil biaya admin ambilkan top up terlanjur top up pas ambil admin tambah tambah berkualitas
"Pada hal saya sudah punya akun ovo,tiba-tiba log out sendiri,giliran mau masuk gak bisa,sudah saya uninstall dan install ulang ,masih sama saja,ini bagaimana si? Sedangkan jaman sekarang apa-apa harus pakai aplikasi ini,seperti parkir di mall harus pakai aplikasi ini,",punya akun ovo tiba tiba log out giliran masuk uninstall install ulang jaman pakai aplikasi parkir mall pakai aplikasi
"Ovo emang best soalnya selalu tanggap dengan kendala pelanggannya walo kendala tersebut gak pernah ada penyelesaian karena tim terkait dari OVO adalah tim kreatif dan bukan tim profesional di bidangnya makanya cuma urusan pulsa 50 ribu membutuhkan waktu yang sangat panjang, makasih ya OVO sialan dan BRENGSEK.",ovo best soalnya tanggap kendala pelanggannya walo kendala penyelesaian tim terkait ovo tim kreatif tim profesional bidangnya urusan pulsa ribu membutuhkan waktu panjang terima kasih ovo sialan brengsek
"Ini tdi pagi top up ovo. Eh pas mau transfer ke bank kagak bisa. Gimana sih ini Develop, makin ragu saya sama apk ovo ini. Bagusin lagi dong, masa transfer ke bank ga bisa sesama ovo bisa. Yg betul aja dong. Kecewa saya ini!!!!!! ğŸ˜¤ğŸ¤¬",pagi top up ovo eh pas transfer bank develop ragu aplikasi ovo bagusin masa transfer bank ovo betul kecewa
"Kenapa udah bberapa hari ini saya ga bisa log in ke akun saya, pdahal statusnya udah premier.. setiap kali log in selalu di suruh update dulu Google play service terbaru.. pdahal saya udah update layanan google play service nya berkali2, to tetap saja ga bisa masuk.. why ovo, kenapaaaa.. ?",bberapa log akun statusnya premier kali log suruh update google play service terbaru update layanan google play service berkali tryout tetap masuk why ovo
"Sumpah kecewa bngt!!! Temen saya tf dari DANA Ke OVO saya, tapi knp pas saya mau tf ke rek BCA saya akun saya malah terblokir, akun ovo saya sudah premier dan saya memasukan pin yg benar, saya sudah hubungin call Centre tapi alesannya sibuk terus!! Tolong donk kasih penjelasan, gmn itu saldo saya yg ada di ovo, mana saldo nya lumayan!!",sumpah kecewa banget teman tf dana ovo pas tf rek baca akun terblokir akun ovo premier memasukan pin benar hubungin call centre alesannya sibuk terus penjelasan gimana saldo ovo saldo lumayan
Hp saya hilang beserta kartu nya juga. Padahal data diri seperti NIK no hp lama foto diri itu sudah lengkap masih ditanya saldo ovocash dan ovo point nyaa yaaa mana inget sedangkan HP saya aja hilang gimana juga bisa lihat kartu nya pun hilang. Hadeeehh penyelesaian masalah tidak membantu sama sekali dipersulit. Padahal tinggal samain aja nik ktp foto diri. Tidak seperti gojek bank bnc bank bca cepat tanggap. Kecewa sih sama ovo.,handphone hilang beserta kartu data nik no handphone foto lengkap ditanya saldo ovocash ovo point ingat handphone hilang lihat kartu hilang hadehh penyelesaian masalah membantu dipersulit tinggal samain nik ktp foto gojek bank bnc bank baca cepat tanggap kecewa ovo
"Terpaksa saya harus coment lewat play store tentang kekecewaan saya terhadap sistem dan aplikasi ovo, perihal pembelian paket data saya yg belum masuk tapi biaya sudah di potong di saldo ovo saya, sampai skrng paket data saya belum masuk sampai sekarang, kenapa aplikasi ovo jadi jelek begini, saya bener2 kecewa, di saat pandemi Gini harus mengeluarkan biaya untuk aplikasi gk gunağŸ˜ ğŸ˜ ğŸ˜ ğŸ˜ ğŸ˜ ğŸ˜ ğŸ˜ ğŸ˜ ğŸ˜ ğŸ˜ ğŸ˜ ğŸ˜ ğŸ˜ ğŸ˜ ğŸ˜ ğŸ˜ ğŸ˜ ....!!!!!!!!!!!!!!!!!!!!!!!!!!?!!!!??!!!!!!!!!!!!????????",terpaksa komen lewat play store kekecewaan sistem aplikasi ovo perihal pembelian paket data masuk biaya potong saldo ovo paket data masuk aplikasi ovo jadi jelek benar kecewa pandemi mengeluarkan biaya untuk aplikasi gak
Aplikasi karyawan ngk sopan kirim email di arahkan tlp ke cs langsung .setelah tlp cs di suruh kirim email jadi ini aplikasi .pea.karyawan ngk sopan..Kalau saran saya lebih baik ngk usah pake ini,aplikasi karyawan sopan kirim email arahkan telepon cs langsung telepon cs suruh kirim email jadi aplikasi pea karyawan sopan saran baik perlu pakai
Transfer ke bank lain dan sesama ovo tidak bisa sama sekali ...sudah email harus nunggu 7x24 sudah saya ikuti dan sekarang harus nunggu 1 bulan malahan...ini aplikasi atau bukan...kita menjadi pengguna ovo seharusnya di kasih pelayanan yang terbaik...ngak malah ...kayak gini ada aplikasi malah ngak guna sama sekali...tolong untuk tim ovo..tolong segera perbaiki aplikasi ini..ketimbang costumer mu hilang semua...,transfer bank ovo email menunggu ikuti menunggu bulan aplikasi menjadi pengguna ovo pelayanan terbaik nggak aplikasi nggak untuk tim ovo perbaiki aplikasi ketimbang costumer mu hilang
"Aplikasi apa ini,mau masuk ke akun ovo aja gabisa,padalahal di Tokopedia masih ada saldonya,dan saya sudah menghubungi 1500696 malah tidak di respon balik,melainkan di tutup.",aplikasi masuk akun ovo tidak bisa padalahal tokopedia saldonya menghubungi respon balik tutup
"Jangan isi pulsa disini. Saya bwli pilsa disini, pulsa tidak masuk, dan saldo teepotong, tidak ada niatan baik dari management ovo untuk mengembalikan saldo yg sudah teeporong.",isi pulsa bwli pilsa pulsa masuk saldo teepotong niatan baik management ovo untuk mengembalikan saldo teeporong
"Saya kasi bintang satu ya,perbaiki masala transfer masa lebih sering gagal.setiap perlu uang buat transfer masala sama gagal pada hal lagi perlu transfer cepat !!!!!!!!",bintang satu perbaiki masala transfer masa gagal perlu uang transfer masala gagal perlu transfer cepat
"Wedus wedus,,, komenya pada jelek semua,,, Aku mau tranfser aja harus up grade,,, Harus foto ktp,,, Harus foto selfi,,,sudah 100x gak bisa bisa WEDEUS INI APLIKASI RIBET BUANGET Nih Aplikasi,,, Padahal itu saldo ovo kan uangku juga Mau transfer aja ribetnya minta ampun Mending dihapus aja nih aplikasi dari play store Bikin orang emosi",wedus wedus komenya jelek tranfser up grade foto ktp foto selfi wedeus aplikasi ribet banget aplikasi saldo ovo uangku transfer ribetnya meminta ampun lebih baik dihapus aplikasi play store orang emosi
"ovo makin kagak jelas, kemaren2 transfer uang ke bank mudah tapi sekarang udah berapa hari selalu tidak bisa, kalau emang admin nya gk niat untuk melihara ovo iya gpp lgian juga udah neg pakai ovo banyak gangguan.",ovo jelas kemarin transfer uang bank mudah admin gak niat untuk memelihara ovo tidak apa-apa lgian neg pakai ovo gangguan
"Sangat berguna apknya tdi bru q daftar pake primer smunya brjalan dengan mulus, dan ketika pada saat mau transfer uang diri ovo ke bank alhmdulillah berhasil terkirim . Pemberitahuan kpd segenap pengguna ovo Kalau mau tau tata cara mengirim uang dri ovo ke bank maka terlebih dahulu harus mempelajari dgn membuka internet untuk meninjau tatacara mentransfer uang dari ovo ke bank, maka akan di brikan jalan keluar dengan mudah dan praktis . Jdi jngan menjelekÂ²an apk ini. Di tinjau dulu sblm komen.",berguna apknya daftar pakai primer smunya brjalan mulus transfer uang ovo bank alhmdulillah berhasil terkirim pemberitahuan segenap pengguna ovo tahu tata cara mengirim uang ovo bank mempelajari membuka internet untuk meninjau tatacara mentransfer uang ovo bank brikan jalan keluar mudah praktis jadi menjelek an aplikasi tinjau seblum komen
"Haha jadi banyak minus,top up saldo dari rekening di kurangi 1k,promo cashback ga dapet udah 2x nurutin promo sesuai s&k,katanya kalo ga dapet suruh email cs nya,eh malah disuruh nunggu lagi padahal udah nunggu 3x24 jam,emang ngerugiin ni apk,jangan sampai ada yg download lagi!",tertawa jadi minus top up saldo rekening kurangi promo cashback nurutin promo sesuai katanya suruh email cs eh disuruh menunggu menunggu jam ngerugiin aplikasi download
"Nunggu saldo masuk dari saudara ajah ga masuk"" lagi butuh uang jangan di perlambat lah sistem ini nanti di feedback alasan mohon maaf ajah ...uang hilang sama ajah ini PT perusahaan ini makan uang haram karena mencuri saldo di kirim sesuai dengan nomor ovo terdafatar tapi ga masuk",menunggu saldo masuk saudara masuk butuh uang perlambat sistem feedback alasan maaf uang hilang pt perusahaan makan uang haram mencuri saldo kirim sesuai nomor ovo terdafatar masuk
"Sumpah OVO Gila sihh, masa iya pas di telpon CSnya bilang kalo Akun Saya Udh transfer sampai 150 kali, kan anj*ng. Mana bilang nunggu sampe 1 bln lagi biar bisa transfer. Ahh sumpah Bangsattttt",sumpah ovo gila masa pas telpon csnya bilang akun udah transfer kali anjing ng bilang menunggu bulan transfer ah sumpah bangsat
"Sy isi pulsa gagal, tapi setelah komplain OVO, baik twitter,Facebook atau aplikasi, setelah 2 hari saldo masuk, juga sy proses pulsa sy lagi, pulsa sudah berhasil masuk, terimakasih OVO, ke depannya ditingkatkan lagi supaya banyak pelanggan nyaman dan puas dengan OVO",isi pulsa gagal komplain ovo baik twitter facebook aplikasi saldo masuk proses pulsa pulsa berhasil masuk terimakasih ovo depannya ditingkatkan pelanggan nyaman puas ovo
"Ovo lagi ada perbaikan kah? Kok saya masuk 1 2 kali tidak bisa masuk. Tulisannya ""Gagal memproses nih coba lagi"" dicoba lagi tetep gak bisa... mohon segera diperbaiki ya. Demi kenyamanan bersama. Terima kasih.",ovo perbaikan kah masuk kali masuk tulisannya gagal memproses coba dicoba tetap diperbaiki kenyamanan terima
Mau upgrade susah banget. KTP sudah bagus malah gak kedeteksi pas burem malah bisa. Ambil foto Selfi sampe kepala potel juga gak bisa bisa. Gk recommended nih. Tolong dong di tingkatan,upgrade susah banget ktp bagus kedeteksi pas buram ambil foto selfi kepala potel gak recommended tingkatan
Beli kuota IM3 50rb gagal saldo dah kepotong .terus beli kuota telkomsel 105rb gagal lagi saldo kepotong lagi kuota gak ada yg masuk. Luar biasa aplikasi ini..ngurus gitu aja ribet amat.,beli kuota im ribu gagal saldo kepotong terus beli kuota telkomsel ribu gagal saldo kepotong kuota masuk luar aplikasi mengurus ribet
"Apk busukkkkk!!!!!! Enah padahal saya gak ada gantiÂ² security kode,kenapa bisa saya masuk malah salah, yang ada ke block akun nya, tolong lah lebih di perbaiki lagi ini apk sampah!!! Uang saya ketanam di dalam!!!",aplikasi busuk enah ganti security kode masuk salah block akun perbaiki aplikasi sampah uang ketanam
"setiap kali beli pulsa selalu aja gangguan / saldo kepotong tapi pulsa belom masuk atau *pesanan di proses*, sumpah kalo begini terus bakal uninstall dan akan menggunakan ovo lagi dan pindah ke DANA mohon di tingkatkan lagi apk nya untuk pembayaran/pembelian pulsa yg sering kek gini bukan nya apa pihak kalian juga yg rugi kalo semua costumer pada minggat ganti haluan karna sistem ovo kek gini Sekian... terima kasih",kali beli pulsa gangguan saldo kepotong pulsa masuk pesanan proses sumpah terus bakal uninstall menggunakan ovo pindah dana tingkatkan aplikasi untuk pembayaran pembelian pulsa kayak pihak rugi costumer minggat ganti haluan sistem ovo kayak sekian terima
Aplikasi ga guna.. Gua komplen transaksi pulsa yg gagal 2x disuruh nunggu 1x24 jam. Ehh udah sesuai jangka malah dana ngga balik. Gua komlen ke IG malah di blok.. Asli sh ngga amanah kerja nya.,aplikasi komplen transaksi pulsa gagal disuruh menunggu jam eh sesuai jangka dana balik komlen ig blok asli sh amanah kerja
"Waha kacau ovo,banyak yg ngeluh di aplikasi ovo,termasuk saya ga bisa bisa tf ya allah gusti,saya kasih bintang satu ya,td nya bintang 5,biar secepat nya di perbaiki secara profesional",waha kacau ovo ngeluh aplikasi ovo termasuk tf allah gusti bintang satu bintang secepat perbaiki secara profesional
"Kenapa sih kalo top up ovo tuh biaya admin nya include ke total top up? dulu ga kaya gini. Ini bikin kerjaan 2x, niat top up ngepas malah jadi kurang dan terpaksa top up ovo lagi. Kejebak biaya admin Rp. 0 . kalo ada admin ya mending udh tampilin aja gitu di biaya admin nya kaya dulu biar tau..ngejebak ini mah. Malessss",top up ovo biaya admin include total top up kayak pekerjaan niat top up ngepas jadi kurang terpaksa top up ovo kejebak biaya admin rp admin lebih baik udah tampilin biaya admin kayak tahu ngejebak mah malas
