Kata,Jumlah Kata
dana,2004
aplikasi,1294
ovo,1130
masuk,763
terus,683
uang,624
saldo,595
akun,577
untuk,560
pakai,555
email,470
link,467
banget,446
pulsa,424
jadi,423
premium,407
transaksi,381
transfer,378
linkaja,356
bayar,344
whatsapp,304
baca,294
kirim,293
kecewa,288
bagus,287
tetap,283
beli,282
bintang,279
up,276
respon,267
top,266
gak,263
upgrade,262
kali,258
gagal,252
verifikasi,250
ktp,249
menunggu,243
perbaiki,241
susah,238
pas,232
pihak,230
cs,228
bank,228
handphone,226
mudah,222
login,221
terima,218
coba,214
data,207
listrik,207
pembayaran,205
udah,204
membantu,204
baik,201
sibuk,199
masalah,193
keluar,192
suruh,190
benar,187
jelas,187
meminta,187
nomor,186
berhasil,185
lewat,179
maaf,177
pin,176
lambat,174
jam,173
no,171
ribet,170
pengguna,162
sistem,160
tidak,159
isi,156
proses,155
aplikasinya,154
admin,153
orang,153
rekening,152
katanya,152
update,150
via,147
cepat,146
kembali,145
langsung,139
download,134
registrasi,134
ganti,133
terimakasih,130
gojek,130
token,129
keluhan,128
hubungi,127
tagihan,126
semoga,125
kode,125
hilang,124
melakukan,124
kemarin,122
diperbaiki,122
masukkan,122
tiba,122
otp,120
masa,119
tahu,115
salah,114
tf,114
punya,113
pelayanan,111
customer,111
lancar,111
onlen,110
memudahkan,108
menggunakan,107
ulang,105
sms,104
ya,103
ribu,103
kasih,103
pokoknya,103
tarik,102
kayak,99
kurang,98
telepon,98
tokopedia,98
disuruh,97
buruk,97
daftar,95
deh,95
bisa,94
butuh,94
lebih,94
min,93
habis,92
solusi,92
suka,92
muncul,91
jawab,91
parah,90
biaya,90
chat,89
eh,89
waktu,88
foto,88
duit,87
perlu,86
jelek,85
soalnya,85
dibuka,84
sukses,84
care,82
fitur,82
hapus,82
digital,81
satu,81
kak,80
tanggal,80
jawaban,79
bantuan,79
pending,78
balik,77
dompet,77
app,77
gimana,76
jaringan,76
ku,76
menarik,76
nomer,75
awal,75
cukup,74
balas,74
premier,73
dan,72
mengecewakan,71
bilang,71
gunakan,70
lain-lain,70
kendala,69
grab,69
kembalikan,68
bantu,68
pdam,68
mytelkomsel,68
bulan,67
tulisan,66
nama,65
menyesal,64
teman,64
saldonya,64
instal,64
permainan,64
atm,64
menghubungi,63
tambah,62
saran,62
mantap,62
mempermudah,62
rumah,62
giliran,61
membayar,61
bukalapak,61
service,60
loading,60
wajah,60
gopay,60
mengirim,59
memakai,59
eror,59
halo,59
kepotong,59
telpon,58
cara,58
dipakai,58
payah,58
blibli,58
uangnya,57
komplain,57
error,57
mengisi,57
tranfer,56
pertama,56
kakak,56
cek,56
aman,55
menjadi,55
menu,55
layanan,55
sebelah,55
bertransaksi,55
minggu,54
tanya,54
solusinya,54
uninstal,54
nyaman,54
berat,54
masukan,54
hati,54
sim,54
berkali,53
status,53
kartu,53
paket,53
blokir,53
berkurang,52
tanggapan,52
ambil,52
aneh,52
laporan,52
potong,52
telkomsel,52
digunakan,51
bermasalah,51
terpotong,51
asuransi,51
lapor,50
atas,50
bantuannya,50
ternyata,50
plus,50
kemana,49
topup,49
kata,49
kena,49
pembelian,49
gampang,49
gratis,48
aktif,48
sesuai,48
tahun,48
alasan,48
investasi,48
log,47
kerja,47
tunggu,46
selesai,46
memberikan,46
sayang,45
rek,45
doang,45
pindah,45
keren,45
nasabah,45
full,45
bpjs,45
penuh,44
sumpah,44
lihat,44
praktis,44
juta,43
uninstall,43
tunai,42
berguna,42
promo,42
nyangkut,41
ulasan,41
berulang,41
malam,41
balasan,41
food,41
terkirim,40
responnya,40
kesal,40
terverifikasi,40
keterangan,40
bermanfaat,40
dua,39
costumer,39
apapun,39
belanja,39
google,39
mulai,38
klik,38
sulit,38
dikirim,38
mencoba,38
alhamdulillah,38
play,38
tindak,37
ada,37
scan,37
bukti,37
call,37
bertambah,37
ampun,37
developer,37
buruan,37
ponsel,37
lupa,36
apl,36
internet,36
gangguan,36
syariah,36
code,36
my,36
sandi,35
kuota,35
rp,35
antrian,35
rugi,35
mah,35
potongan,35
lanjut,34
seminggu,34
bisnis,34
bri,34
secara,34
mobile,34
sinyal,33
awalnya,33
layar,33
lumayan,33
dananya,33
juli,33
versi,33
pagi,33
loh,33
tinggal,33
wallet,33
prakerja,33
cash,33
invest,33
terjadi,32
konfirmasi,32
riwayat,32
bingung,32
terdaftar,32
enak,32
kadang,32
lengkap,32
main,32
cocok,32
limit,32
maksudnya,31
penipuan,31
merasa,31
membuat,31
memuaskan,31
diminta,31
membeli,31
gara,30
bintangnya,30
puas,30
hasil,30
servis,30
selamat,30
video,30
lanjuti,30
enggak,30
besar,29
senang,29
pelanggan,29
direspon,29
putih,29
malas,29
kedepannya,29
merchant,29
hangus,28
pesan,28
nominal,28
hai,28
qris,28
silakan,28
kesini,28
balikin,28
persulit,28
informasi,28
tingkatkan,28
ayo,28
pandemi,28
tanggung,27
menit,27
urgent,27
tipu,27
install,27
penanganan,27
akhir,27
sistemnya,27
center,27
harga,27
sehari,27
batas,27
gila,27
banking,27
repot,27
cashback,27
root,27
pribadi,26
voucher,26
trimakasih,26
pengiriman,26
merugikan,26
bos,26
mengalami,26
dokumen,26
indonesia,26
ok,26
aja,26
an,26
pinjaman,26
slow,25
aduh,25
pelayanannya,25
sekian,25
lakukan,25
id,25
penjelasannya,25
wifi,25
refund,25
snack,25
the,25
percaya,25
verivikasi,25
masak,25
mahal,25
terblokir,25
dibantu,24
terkait,24
penjelasan,24
mempersulit,24
asli,24
apknya,24
kebutuhan,24
yuk,24
reksadana,24
soal,23
mengikuti,23
beri,23
sebesar,23
sungguh,23
oke,23
juni,23
tambahkan,23
sampah,23
kesalahan,23
out,23
berbagai,23
penting,22
pengaduan,22
perbaikan,22
gmail,22
terbaru,22
maju,22
tiktok,22
ig,22
best,22
kemudahan,22
pusat,22
woy,22
card,22
prosesnya,21
kejelasan,21
ditingkatkan,21
nggak,21
jawabannya,21
bodoh,21
pengalaman,21
knapa,21
auto,21
now,21
tolonglah,20
dibuat,20
menurut,20
pemberitahuan,20
berhari,20
rating,20
diproses,20
dibalas,20
kualitas,20
notif,20
bertanggung,20
terbaik,20
komplen,20
konsumen,20
kira,20
hubungin,20
penarikan,20
koneksi,20
beda,20
kapok,20
dipotong,20
simple,20
watching,20
recommended,20
wajib,20
point,20
jadinya,19
caranya,19
telfon,19
robot,19
keamanan,19
help,19
hasilnya,19
untung,19
penipu,19
masuknya,19
kedepan,19
emosi,19
komentar,19
semenjak,19
ah,19
logo,19
melebihi,19
blok,19
primer,19
insentif,19
profesional,18
statusnya,18
secepatnya,18
detik,18
pertanyaan,18
permasalahan,18
cape,18
ram,18
permudah,18
tampilan,18
sisa,18
mas,18
masalahnya,18
menerima,18
memperbaiki,18
mengerti,18
pendukung,18
rusak,18
normal,18
buram,18
mengajukan,18
niat,18
bebas,18
makan,18
tujuan,18
dikit,18
antri,18
tv,18
live,18
saku,18
bumn,18
usah,17
bolak,17
keluarga,17
cari,17
account,17
virtual,17
merespon,17
otomatis,17
alfama,17
perubahan,17
kebuka,17
dipersulit,17
tempat,17
gitu,17
pengisian,17
bni,17
dimana,17
bonus,17
terutama,17
mutasi,17
laporkan,16
dikembalikan,16
kunjung,16
salam,16
close,16
kontak,16
kalo,16
beranda,16
memberi,16
benerin,16
heran,16
pikir,16
trf,16
menyimpan,16
alfa,16
jauh,16
terlanjur,16
ragu,16
kacau,16
android,16
kalah,16
tiket,16
woi,16
anjing,16
pulsanya,16
bsi,16
serba,16
cair,16
diblokir,16
server,15
tulisannya,15
mengganti,15
nik,15
berikan,15
tindakan,15
susahnya,15
tertulis,15
sengaja,15
pusing,15
mengembalikan,15
agustus,15
bakal,15
tim,15
transferan,15
terhormat,15
akses,15
seseorang,15
system,15
tutup,15
dikasih,15
terpaksa,15
mengambil,15
jelaskan,15
bug,15
mail,15
penerima,15
keperluan,15
kehilangan,15
debit,15
indomaret,15
barusan,15
order,15
murah,15
air,15
mandiri,15
pencairan,15
blur,15
dilakukan,15
atur,15
ovonya,15
cabang,15
mikir,14
berarti,14
stabil,14
dibekukan,14
shopeepay,14
kurangi,14
tertera,14
dihubungi,14
betul,14
hadeh,14
notifikasi,14
gb,14
unistal,14
selfie,14
pak,14
ngelag,14
situ,14
siang,14
berkembang,14
jual,14
jumlah,14
qr,14
luar,14
takut,14
tanggapi,14
terhubung,14
jujur,14
bot,14
komen,14
shopee,14
menanggapi,14
buang,14
adminnya,14
selfi,14
kantor,14
dasar,14
minimarket,14
register,14
go,14
contohnya,14
kesehatan,14
pokok,13
sebaiknya,13
melihat,13
ditolak,13
menyelesaikan,13
terbuka,13
turunin,13
membuka,13
dibales,13
atasi,13
alamat,13
memiliki,13
transaksinya,13
ibu,13
kah,13
harap,13
berbelit,13
alasannya,13
pengajuan,13
memasukan,13
ditarik,13
kejadian,13
dijawab,13
ditindak,13
vidio,13
dicoba,13
tryout,13
pergi,13
pay,13
tok,13
tik,13
ter,13
jualan,13
kasihan,13
usaha,13
tlong,13
utama,13
menyusahkan,13
word,13
pilihan,13
reset,13
pln,13
terpercaya,13
lapak,13
simpel,13
aktivasi,13
bawah,12
alias,12
jawabnya,12
dm,12
hitungan,12
terakhir,12
berwajib,12
jalan,12
you,12
sore,12
jaya,12
jaman,12
urusan,12
beres,12
disitu,12
playstore,12
emas,12
disaat,12
gede,12
nihil,12
penyelesaian,12
yakin,12
kesulitan,12
disana,12
blank,12
dibilang,12
keterangannya,12
nyatanya,12
bawa,12
penggunaan,12
toko,12
mati,12
naik,12
mengulang,12
melulu,12
tolol,12
good,12
fiturnya,12
tahi,12
diskon,12
mendingan,12
pajak,12
bulanan,12
history,12
berubah,11
masyarakat,11
seharian,11
rekomendasi,11
ubah,11
mengeluh,11
apa,11
sia,11
allah,11
gunain,11
pergantian,11
sejauh,11
iklan,11
kenyamanan,11
terlambat,11
bohong,11
oppo,11
arahkan,11
intinya,11
secepat,11
struk,11
bahaya,11
plis,11
keuangan,11
termasuk,11
rupiah,11
mencari,11
minta,11
muka,11
bantuanya,11
super,11
diambil,11
profil,11
mendapatkan,11
anak,11
kebanyakan,11
terbantu,11
contoh,11
maksimal,11
datanya,11
tambahan,11
non,11
batal,11
minimal,11
kabel,11
menurun,10
muter,10
melayani,10
balasannya,10
bagian,10
mengurus,10
lengkapi,10
tepat,10
store,10
siap,10
logout,10
nge,10
maksud,10
selesaikan,10
sedang,10
mempunyai,10
akunnya,10
tolak,10
berjalan,10
tulis,10
buku,10
sok,10
bertanya,10
aktifkan,10
buru,10
identitas,10
csnya,10
amin,10
by,10
apps,10
mesin,10
menabung,10
membutuhkan,10
turun,10
ingat,10
nelpon,10
duitnya,10
terbaca,10
pertahankan,10
diamond,10
review,10
memproses,10
lahir,10
terputus,10
cimb,10
niaga,10
os,10
fee,10
regist,10
darurat,10
keblokir,10
muda,10
ketahan,9
photo,9
lazada,9
memasukkan,9
lho,9
upload,9
input,9
dialihkan,9
force,9
keadaan,9
detail,9
ewallet,9
percepat,9
amanah,9
dibikin,9
permintaan,9
kamera,9
operator,9
gunanya,9
tau,9
kepastian,9
is,9
tabungan,9
perbarui,9
bacaan,9
perbaharui,9
berasa,9
ppkm,9
saudara,9
laki-laki,9
instagram,9
penguna,9
ditanggapi,9
terselesaikan,9
pencet,9
korban,9
hehehe,9
diupdate,9
setia,9
valid,9
menerus,9
pendaftaran,9
mhon,9
simpan,9
diupgrade,9
kerjasama,9
ngumpulin,9
nyesal,9
berharap,9
rasa,9
jarang,9
diberikan,9
malu,9
infonya,9
hidup,9
bilangnya,9
bapak,9
bangkrut,9
datang,9
beralih,9
tertipu,9
nabung,9
kondisi,9
pastinya,9
money,9
manfaatnya,9
pencahayaan,9
driver,9
kereta,9
pengembalian,8
mengunakan,8
mengatasi,8
naikin,8
diganti,8
paketan,8
ikuti,8
turunkan,8
paylater,8
danaku,8
penghargaan,8
upgred,8
lag,8
hape,8
mbak,8
pasang,8
dihapus,8
berbeda,8
apa-apa,8
harganya,8
complain,8
lamban,8
ringan,8
mengadu,8
dicek,8
mesti,8
syarat,8
dibutuhkan,8
on,8
belit,8
diberi,8
verif,8
dikira,8
pukul,8
penangan,8
misal,8
terdapat,8
berjam,8
paham,8
custumer,8
kinerja,8
alhasil,8
youtube,8
tetangga,8
nyuruh,8
menggunakannya,8
terkendala,8
kepercayaan,8
cetak,8
dibaca,8
palsu,8
membalas,8
menunya,8
thank,8
khusus,8
sepihak,8
kendalanya,8
pilih,8
kenpa,8
ojk,8
nominalnya,8
melaporkan,8
umur,8
kadaluarsa,8
lelah,8
istri,8
mendesak,8
responya,8
didalam,8
ektp,8
gambar,8
mbanking,8
kedua,8
namanya,8
tlng,8
lima,8
bertele,8
segitu,8
edit,8
sebulan,8
alami,8
mantul,8
tertawa,8
kodenya,8
ditambah,8
adm,8
puluhan,8
babi,8
menyenangkan,8
terang,8
bayarnya,8
transper,8
perasaan,8
dirumah,8
busuk,8
covid,8
mantab,8
hemat,8
pastikan,8
sialan,8
histori,8
smartphone,8
kabar,7
dibalikin,7
bicara,7
menghapus,7
persyaratan,7
ditunggu,7
dipermudah,7
servicenya,7
menulis,7
mengesalkan,7
diatasi,7
saldoku,7
sabar,7
besoknya,7
alamu,7
alaikum,7
minus,7
terburuk,7
kosong,7
fotonya,7
pelayananya,7
pembaruan,7
kekurangan,7
nikah,7
mengenai,7
huh,7
team,7
jutaan,7
terpakai,7
pemakaian,7
tanggap,7
kekurangannya,7
samsung,7
bobrok,7
buktinya,7
warna,7
rugikan,7
mendapat,7
penggunanya,7
perhatikan,7
kolom,7
harian,7
sarankan,7
sedih,7
ngeluh,7
responsif,7
kerekening,7
mengeluarkan,7
menipu,7
pelajar,7
tua,7
urus,7
alamualaikum,7
mendaftar,7
posisi,7
negara,7
menyampaikan,7
batalkan,7
pinjam,7
nomornya,7
milik,7
kasir,7
perusahaan,7
biru,7
prosedur,7
maunya,7
merubah,7
ajukan,7
daerah,7
penjelasanya,7
media,7
total,7
asal,7
mu,7
semalam,7
ber,7
ditindaklanjuti,7
fasilitas,7
selanjutnya,7
metode,7
perangkat,7
batasi,7
moga,7
tersedia,7
pertanggung,7
nih,7
mentransfer,7
mendownload,7
pemakai,7
modal,7
rekomended,7
kepentingan,7
produk,7
jls,7
efisien,7
era,7
dijamin,7
aplikasih,7
emoney,7
friendly,7
taunya,7
poin,7
terdekat,7
sayangnya,7
lainya,7
cahaya,7
counter,7
ket,7
kesesama,7
job,7
harapan,7
thankyou,7
bersaing,7
provider,7
simpati,7
daptar,7
dikembangkan,7
tokped,7
sign,7
kasus,6
tertahan,6
premiumnya,6
didalamnya,6
itupun,6
kaya,6
mala,6
mendadak,6
pekerjaan,6
mengganggu,6
tujuannya,6
menyambung,6
usahakan,6
cerita,6
appnya,6
maling,6
mata,6
marah,6
macet,6
ratusan,6
diselesaikan,6
wkwkwk,6
nyata,6
bye,6
abal,6
tele,6
samanya,6
tiga,6
beserta,6
kelihatan,6
lenyap,6
disarankan,6
fast,6
oh,6
halaman,6
kelamaan,6
uangku,6
deposit,6
kelar,6
kouta,6
tingkat,6
pasword,6
ngabisin,6
alesan,6
cairkan,6
file,6
keluhannya,6
hadiah,6
ketik,6
fix,6
teman-teman,6
mengendap,6
serius,6
melapor,6
berkas,6
kesana,6
dibatalkan,6
unduh,6
pembuatan,6
web,6
terlihat,6
menyarankan,6
menyebalkan,6
diverifikasi,6
recomended,6
bisanya,6
bukanya,6
misalnya,6
perbanyak,6
layanannya,6
barang,6
nol,6
pt,6
cuman,6
note,6
memenuhi,6
sekedar,6
karyawan,6
pengirim,6
kabur,6
kerugian,6
tlpon,6
hancur,6
perihal,6
ikut,6
kota,6
rbu,6
daftarkan,6
dsuruh,6
sue,6
jari,6
legends,6
nongol,6
mingguan,6
setor,6
butuhkan,6
makanan,6
menikmati,6
pindahin,6
pembayarannya,6
gas,6
indosat,6
inves,6
mei,6
menyesak,6
reinstall,6
oflen,6
pembaharuan,6
tampilannya,6
dikenakan,6
asu,6
ampas,6
memakan,6
tcash,6
infaq,6
untungnya,6
seribu,6
batasan,6
dilihat,5
nasib,5
sebentar,5
twitter,5
janji,5
meng,5
cache,5
rekan,5
trx,5
kelengkapan,5
rubah,5
dibenerin,5
lolos,5
tombol,5
pengin,5
ngapa,5
centernya,5
klaim,5
berbayar,5
lanjutkan,5
utuh,5
kiriman,5
pengambilan,5
kayaknya,5
voucer,5
tlfn,5
instruksi,5
layak,5
perkembangan,5
verifikasinya,5
kuat,5
setengah,5
diaplikasi,5
terkadang,5
tuju,5
dsb,5
satunya,5
akunku,5
updet,5
mintak,5
mudahan,5
what,5
dipercaya,5
hello,5
pemotongan,5
belakangan,5
ngecewain,5
bertahun,5
menangani,5
berada,5
komplin,5
biayanya,5
grade,5
all,5
terganggu,5
menemukan,5
notifnya,5
sistim,5
tanda,5
indak,5
jengkel,5
pertimbangkan,5
diperbaikin,5
penyimpanan,5
kembangkan,5
tersambung,5
apalah,5
angka,5
semalem,5
sadar,5
sekolah,5
hack,5
dibawah,5
pelaporan,5
bosan,5
ulangi,5
kentang,5
berfungsi,5
pengembang,5
dowload,5
menonton,5
kelanjutan,5
koin,5
otpnya,5
donlod,5
permanen,5
bla,5
kualitasnya,5
sekalinya,5
gamasuk,5
mentok,5
tahan,5
,5
abang,5
menindak,5
mencairkan,5
balesan,5
loding,5
daftarin,5
terhambat,5
carenya,5
trasfer,5
menghambat,5
sejenis,5
kalinya,5
dimasuki,5
perintah,5
permohonan,5
clear,5
donwload,5
berkah,5
berharga,5
poto,5
mitra,5
menyediakan,5
redmi,5
laporin,5
member,5
mau,5
setan,5
ngalamin,5
sediakan,5
tempo,5
ngomong-ngomong,5
manual,5
dibatasi,5
bekerja,5
recommend,5
berlaku,5
kebijakan,5
seharus,5
loginnya,5
canggih,5
digit,5
ui,5
aktifin,5
manusia,5
penjahat,5
bangkai,5
alangkah,5
sial,5
sh,5
opsi,5
mending,5
kegiatan,5
terasa,5
he,5
ane,5
program,5
copot,5
rakyat,5
ramai,5
legend,5
harinya,5
lari,5
nemu,5
mengunduh,5
trnsfer,5
kehidupan,5
burik,5
linknya,5
harapkan,5
btn,5
kendaraan,5
smsnya,5
peningkatan,5
terbatas,5
konter,5
sidik,5
ranting,5
diakses,5
berpikir,5
warga,5
walet,5
terkendali,5
menguntungkan,5
aktifitas,5
gaperlu,5
jek,5
api,5
kesedot,5
reksa,5
terpasang,5
panggilan,4
ditelpon,4
pencerahannya,4
kritik,4
cust,4
mampus,4
dilempar,4
keong,4
lokal,4
diperlukan,4
menambah,4
teruskan,4
hitam,4
mengirimi,4
php,4
bikin,4
nomernya,4
kekirim,4
daftarnya,4
terpending,4
timbul,4
khawatir,4
stop,4
jawabanya,4
ketiga,4
tengah,4
mengirimkan,4
sesi,4
kepake,4
waktunya,4
sederhana,4
kocak,4
lokasi,4
dwonload,4
tertunda,4
modus,4
membaca,4
oknum,4
pemasukan,4
sehat,4
langkah,4
kawan,4
max,4
kerjasamanya,4
dulu,4
mundur,4
menginstal,4
device,4
namakan,4
ditelfon,4
mengatakan,4
signal,4
ngeri,4
tanggapin,4
jatuh,4
subuh,4
panjang,4
stlah,4
setahun,4
tahunan,4
nyimpan,4
mengadakan,4
keuntungan,4
ahir,4
gerai,4
niatnya,4
nilai,4
kecepatan,4
dipercepat,4
ditanya,4
catat,4
hitung,4
stts,4
pintar,4
was,4
respond,4
time,4
konsisten,4
tinggi,4
dunia,4
makai,4
hm,4
dalem,4
perbaikannya,4
mind,4
selebihnya,4
ugrade,4
ditransfer,4
oi,4
salahnya,4
darah,4
bagusin,4
sabtu,4
performa,4
target,4
market,4
sip,4
pedahal,4
otak,4
dirugikan,4
terisi,4
orangnya,4
format,4
isinya,4
dalamnya,4
penanganannya,4
diarahkan,4
benaran,4
ajak,4
kecewaa,4
real,4
hebat,4
melengkapi,4
alhamdulilah,4
woyy,4
kebetulan,4
pembuat,4
downlod,4
mempercayai,4
one,4
back,4
mengubah,4
penilaian,4
segi,4
tukar,4
bermain,4
mindahin,4
sruh,4
tersimpan,4
ih,4
sosial,4
mengira,4
dulunya,4
cok,4
mendukung,4
astaga,4
petunjuk,4
syaratnya,4
banknya,4
rata,4
erorr,4
krim,4
form,4
barcode,4
rencana,4
diperbarui,4
tidk,4
polisi,4
asik,4
berminggu,4
kinerjanya,4
masukk,4
permisi,4
accord,4
diemail,4
rumit,4
commerce,4
bad,4
penjual,4
diterima,4
donload,4
dikatakan,4
berpindah,4
sekelas,4
ekonomi,4
didownload,4
shop,4
kelamin,4
koreksi,4
sakit,4
reply,4
mengingat,4
ngendap,4
bermutu,4
dukcapil,4
efektif,4
menuju,4
stuck,4
pemilik,4
enakan,4
mengaco,4
anggap,4
kmna,4
tercatat,4
imail,4
nasional,4
terdeteksi,4
why,4
xl,4
perhari,4
membatu,4
berkala,4
dikomplain,4
ludes,4
situasi,4
sngat,4
trnsaksi,4
disayangkan,4
jm,4
hmm,4
berbelanja,4
indoma,4
tertarik,4
luas,4
ggl,4
negatif,4
dengar,4
promonya,4
terulang,4
alfamidi,4
raib,4
pegang,4
pencerahan,4
jlas,4
fikir,4
percakapan,4
jumat,4
kecuali,4
tenang,4
manfaat,4
komplit,4
ngadat,4
rendah,4
lempar,4
pelanggannya,4
asyik,4
permata,4
kios,4
memuat,4
ditahan,4
hadehh,4
diulang,4
zaman,4
ketinggalan,4
administrasi,4
disuru,4
weh,4
cso,4
kegunaan,4
minim,4
temui,4
brengsek,4
unipin,4
block,4
kenak,4
surat,4
blanja,4
mcd,4
terkoneksi,4
ketidaknyamanannya,4
meningkatkan,4
tinggalkan,4
andalkan,4
rasanya,4
maintenance,4
rekomen,4
berkat,4
mengurusi,4
melewati,4
kecamatan,4
pengembangan,4
hang,4
bagusnya,4
diawal,4
kemari,4
rasakan,4
ewalet,4
fleksibel,4
mari,4
mengaktifkan,4
mencukupi,4
bosku,4
nfc,4
kitkat,4
menanggung,4
des,4
membanyaki,4
hukum,3
hps,3
menambahkan,3
menelepon,3
seenak,3
balesannya,3
permasalahannya,3
menjaga,3
terverivikasi,3
manapun,3
unistall,3
acara,3
down,3
jumlahnya,3
naikan,3
setatus,3
benahi,3
crash,3
bayangkan,3
wr,3
wb,3
maksutnya,3
dibayar,3
buta,3
perak,3
jelasin,3
pinnya,3
nanyain,3
ngeblur,3
vertifikasi,3
biarkan,3
amanan,3
kredit,3
jangn,3
bu,3
estimasi,3
jawa,3
yang,3
merepotkan,3
sangatt,3
jarak,3
mengupgrade,3
memori,3
premiumin,3
aplk,3
menawarkan,3
butuhin,3
screenshot,3
menghubungkan,3
penyelesaiannya,3
maksimum,3
jamin,3
mode,3
ketemu,3
va,3
berbulan,3
kecewakan,3
dsruh,3
jasa,3
tuntas,3
lemah,3
gonta,3
date,3
payleter,3
ongkos,3
oper,3
terjaga,3
emailnya,3
perbaikilah,3
hujan,3
menyalahkan,3
difoto,3
adminya,3
kemungkinan,3
ketentuan,3
dijelaskan,3
resmi,3
diputus,3
tb,3
lemott,3
keluarnya,3
hak,3
delete,3
platform,3
belakang,3
ribetnya,3
kebawah,3
kuotanya,3
merekomendasikan,3
berikutnya,3
tega,3
sgala,3
memaksa,3
disampaikan,3
menangis,3
padhal,3
digunain,3
kenakan,3
sandinya,3
oy,3
diklik,3
sebenar,3
apliaksi,3
bertanggungjawab,3
kerjanya,3
menjadikan,3
ditipu,3
riwayatnya,3
putar,3
centre,3
fuck,3
vocer,3
terkunci,3
kelanjutannya,3
berjualan,3
aktf,3
nunggunya,3
event,3
hahaha,3
diubah,3
transfr,3
ngerugiin,3
seblum,3
sulitnya,3
pemeliharaan,3
sinkron,3
melalu,3
terjangkau,3
kampung,3
agen,3
sebel,3
briva,3
dicairkan,3
duduk,3
misalkan,3
dilayani,3
dianggap,3
ukuran,3
olshop,3
perhatiannya,3
bersangkutan,3
menghabiskan,3
titik,3
kesempatan,3
minjem,3
jaga,3
step,3
diperbaharui,3
fb,3
ketimbang,3
tri,3
anehnya,3
dilaporkan,3
didaftarkan,3
srh,3
dear,3
balikan,3
tahap,3
launching,3
perhatian,3
dperbaiki,3
arahan,3
iming,3
over,3
dipending,3
seumur,3
dbuka,3
nlp,3
pencipta,3
isu,3
dikirimkan,3
dinyatakan,3
sikit,3
uinstal,3
akibat,3
apanya,3
protes,3
dibilangnya,3
sayangkan,3
elor,3
fisik,3
jaringannya,3
mengupdate,3
segini,3
kesabaran,3
keamanannya,3
sertakan,3
pengaturan,3
tuhan,3
semangat,3
menyukai,3
terkena,3
terkesan,3
mutu,3
internal,3
seribet,3
kotak,3
dijadikan,3
teratasi,3
salahkan,3
tipe,3
overall,3
transfernya,3
servernya,3
bertahan,3
tampil,3
sampaikan,3
kejelasannya,3
becus,3
giman,3
tidur,3
adakan,3
kesusahan,3
pulang,3
urgen,3
terdepan,3
aplkasi,3
tindakannya,3
alesannya,3
ulasannya,3
tangan,3
berikut,3
wajar,3
kemajuan,3
mggu,3
pakenya,3
dilayar,3
recomend,3
kasar,3
ditutup,3
formulir,3
masukkin,3
lucu,3
kenyataannya,3
mencuri,3
syaa,3
trmksh,3
tampa,3
membaik,3
games,3
terdebet,3
aturan,3
besok,3
mmbantu,3
ajalah,3
pergunakan,3
akurat,3
simpanan,3
ff,3
seandainya,3
elektronik,3
capil,3
gaguna,3
keseluruhan,3
ditulis,3
penghasilan,3
favorit,3
kedip,3
nutup,3
tangani,3
brimo,3
type,3
pesanan,3
disalah,3
kelas,3
kalangan,3
pli,3
diisi,3
terpenuhi,3
beritahu,3
berbahaya,3
tungguin,3
mempermudahkan,3
najis,3
copy,3
maximal,3
haloo,3
kembaliin,3
like,3
dftar,3
padalah,3
tlfon,3
sebaik,3
dimanapun,3
angkat,3
apliksi,3
feedback,3
libur,3
resto,3
putus,3
parahnya,3
meresahkan,3
cacat,3
memangnya,3
memilih,3
diam,3
tinjau,3
kehabisan,3
dibanding,3
jos,3
vivo,3
gabung,3
ktpnya,3
kebank,3
fokus,3
kebaca,3
ditangani,3
memadai,3
menghasilkan,3
ruwet,3
ditambahkan,3
dikecewakan,3
ayolah,3
aceh,3
wkwk,3
kemanapun,3
payment,3
batalin,3
akal,3
sisi,3
wilayah,3
aktiv,3
custamer,3
your,3
bonusnya,3
reguler,3
bayak,3
finger,3
unit,3
paste,3
pemindahan,3
faham,3
at,3
tranper,3
ribuan,3
tarif,3
ling,3
kiamat,3
alah,3
dapatkan,3
tanyakan,3
diroot,3
sayah,3
gara-gara,3
telekomunikasi,3
korupsi,3
transaction,3
banyaknya,3
alternatif,3
mengakses,3
ijo,3
star,3
nelp,3
konyol,3
konten,3
menyatakan,3
lansung,3
guys,3
mengantri,3
berhenti,3
memverifikasi,3
diluar,3
model,3
terhapus,3
penggunaannya,3
iseng,3
pemerintah,3
penyedia,3
blokiran,3
seru,3
bagusan,3
walopun,3
menghemat,3
padah,3
bensin,3
jernih,3
ujian,3
dengarkan,3
gelap,3
butut,3
ramah,3
pencarian,3
bioskop,3
dibeli,3
fungsinya,3
warung,3
instan,3
pasar,3
modern,3
disimpan,3
bangsa,3
ckckck,3
paksa,3
pertanggungjawaban,3
ketidak,3
alfamadan,3
callcenter,3
smntra,3
situs,3
sejelas,3
fungsi,3
nougat,3
alat,3
bis,3
flash,3
oiya,3
karya,3
mainan,3
nanggung,3
sebar,3
gedek,3
penambahan,3
ngotak,3
haduhh,3
dirilis,3
ketidaknyamanan,3
meteran,3
blurr,3
dimna,3
pemulihan,3
pakainya,3
inbox,3
ditawarkan,3
konfirmasinya,3
april,3
desa,3
vocher,3
ndk,3
duanya,3
belanjaan,3
nice,3
beragam,3
terjamin,3
memudah,3
memalukan,3
sn,3
detailnya,3
tol,3
services,3
penerimaan,3
gerak,3
bedanya,3
ditinggal,3
banding,3
supermarket,3
rawan,3
mestinya,3
mall,3
genting,3
pemblokiran,3
pantesan,3
pembicaraan,3
sumber,3
ojol,3
motor,3
sebagus,3
merk,3
bersahabat,3
cicilan,3
cinta,3
very,3
codenya,3
mahasiswa,3
singkat,3
sudah,3
dosa,3
mobil,3
teregistrasi,3
sony,3
diperbanyak,3
tepatnya,3
urusannya,2
akhiri,2
berobat,2
prosedurnya,2
dpat,2
jidat,2
balesnya,2
disertakan,2
terintegrasi,2
upaya,2
berinvestasi,2
saham,2
berhasi,2
ditemukan,2
selanjut,2
lebaran,2
perpanjang,2
menyebabkan,2
seblumnya,2
seluler,2
gantung,2
veryfikasi,2
pinjem,2
diajak,2
tlh,2
gbisa,2
telegram,2
bekerjasama,2
pencuri,2
diperhatikan,2
investigasi,2
itikad,2
tekan,2
pop,2
sebutkan,2
tukang,2
temenku,2
diatas,2
bayaran,2
dihari,2
promosi,2
merchan,2
dimatiin,2
gaji,2
jiga,2
alih,2
pelayannya,2
upgrate,2
upgarde,2
tolonh,2
kntl,2
tranfers,2
didalem,2
pajaknya,2
kmudian,2
pembeli,2
terbarunya,2
rezeki,2
adminn,2
direfund,2
kenyataan,2
angel,2
sempurna,2
mengatasnamakan,2
melacak,2
butuhnya,2
refresh,2
gaya,2
ikhlas,2
komitmen,2
bulannya,2
ucapkan,2
berkualitas,2
miris,2
ditanggapin,2
saingan,2
lantas,2
hehehehe,2
kedepanya,2
dihubungin,2
kejadiannya,2
lunas,2
postingan,2
terimah,2
cepatnya,2
mengancam,2
bahasa,2
chatt,2
nmor,2
galeri,2
penyebabnya,2
mementingkan,2
ppn,2
nomr,2
empat,2
kumpulin,2
memperbanyak,2
merusak,2
pendapatan,2
posting,2
pelayan,2
membingungkan,2
menggantikan,2
halnya,2
diandalkan,2
berhadiah,2
seram,2
hadir,2
pokoke,2
brilink,2
afk,2
maklum,2
fine,2
konvensional,2
trouble,2
akhirat,2
uinstall,2
trimaksih,2
icon,2
konsultasi,2
komunikasi,2
selsai,2
andai,2
gajian,2
domino,2
sellu,2
mendaftarkan,2
amazing,2
lambang,2
takutnya,2
layarnya,2
musim,2
mengubungi,2
naro,2
licik,2
ujungnya,2
turuti,2
pengaman,2
tolomg,2
engak,2
satupun,2
menjamin,2
membandingkan,2
menuntut,2
dah,2
men,2
verifikasih,2
apai,2
diapa,2
smuanya,2
developernya,2
aplksi,2
ataw,2
monyet,2
perbulan,2
chanel,2
biyaya,2
internetnya,2
lampirkan,2
ngendep,2
pengecekan,2
trim,2
ganggu,2
bbrapa,2
cobalah,2
notifikasinya,2
mengetahui,2
menelpon,2
marketplace,2
terganti,2
dipaksa,2
ketahuan,2
kompalin,2
cuan,2
maks,2
sad,2
bodong,2
jagan,2
dipencet,2
antisipasi,2
suami,2
njing,2
motong,2
truz,2
pulihkan,2
gital,2
alasanya,2
kesitu,2
semangkin,2
tanggepin,2
merah,2
iso,2
noh,2
kapasitas,2
perfect,2
sangan,2
reputasi,2
berbisnis,2
kepuasan,2
tros,2
belm,2
edan,2
wooi,2
pembeliannya,2
basi,2
heh,2
penuhi,2
keluhkan,2
maksa,2
hayo,2
susahh,2
ck,2
boot,2
gax,2
soalny,2
kondisikan,2
connect,2
lusa,2
rate,2
akibatnya,2
aktifnya,2
ngehubungi,2
kepolisian,2
sepengetahuan,2
seenaknya,2
senilai,2
izin,2
cuekin,2
detect,2
ai,2
miskin,2
memegang,2
codashop,2
tnggal,2
bagu,2
updatean,2
ditingkatin,2
laku,2
berhubung,2
berantakan,2
anjurkan,2
coustumer,2
buktikan,2
kepencet,2
sebagian,2
sejumlah,2
dibenahi,2
penjualan,2
buffering,2
aga,2
dimata,2
mengetik,2
dukungan,2
riskan,2
template,2
ceritanya,2
seprti,2
thk,2
katakan,2
love,2
ratingnya,2
kebijakannya,2
tab,2
bakar,2
entar,2
unggulan,2
mengedepankan,2
veripikasi,2
krja,2
minn,2
jajan,2
rabu,2
alam,2
makek,2
diangkat,2
benci,2
penasaran,2
maf,2
pernah,2
twiter,2
tanggapannya,2
follow,2
menyulitkan,2
mash,2
respown,2
pulza,2
berdasarkan,2
rebu,2
kmbli,2
kemenu,2
hormat,2
diurus,2
nikmati,2
buruknya,2
bunga,2
beresiko,2
melayang,2
kecewanya,2
ngubungi,2
dimatikan,2
pedagang,2
castemer,2
berniat,2
diamon,2
sedikitpun,2
berturut,2
akui,2
bi,2
bangga,2
manajemen,2
menurutku,2
kirimnya,2
seratus,2
mendengar,2
semingguan,2
tranksaksi,2
padahalkan,2
antarbank,2
sehabis,2
dikenal,2
curang,2
menahan,2
ngsih,2
manis,2
terhitung,2
ditelp,2
sensor,2
merasakan,2
malaysia,2
waras,2
updatenya,2
bahan,2
apkikasi,2
dikurangi,2
penangananya,2
euy,2
kesalah,2
habiskan,2
woii,2
cepatan,2
tutorial,2
tolongg,2
saksi,2
eeh,2
pilihannya,2
anjink,2
devloper,2
kelebihan,2
kartunya,2
peringatan,2
mengurangi,2
berusaha,2
dimasukkan,2
kecewain,2
dgunakan,2
berkata,2
senin,2
playanan,2
ppob,2
wes,2
jenis,2
seburuk,2
keluarkan,2
kwalitas,2
sedekah,2
donasi,2
area,2
intruksi,2
tiba-tiba,2
kenal,2
tsel,2
delay,2
pencurian,2
lolipop,2
usul,2
nb,2
nnya,2
ribut,2
punyaku,2
cuk,2
menghilang,2
appk,2
uh,2
tranfernya,2
ditampilkan,2
selvi,2
markotop,2
limitnya,2
terserah,2
sepele,2
kompetitor,2
dipindahkan,2
amet,2
belikan,2
aslinya,2
cuek,2
kebingungan,2
bgaimana,2
failed,2
smartfren,2
siapin,2
susu,2
mi,2
mengajak,2
kurangnya,2
denga,2
chip,2
diskonnya,2
pandemik,2
kepala,2
kaki,2
bijak,2
jadikan,2
pengen,2
claim,2
vitur,2
poinnya,2
olah,2
tulisanya,2
systemnya,2
istirahat,2
taikk,2
intensif,2
pedia,2
saking,2
im,2
pertanyaannya,2
mengatasinya,2
berulangkali,2
ge,2
mencurigakan,2
konfirm,2
didapat,2
aplikasiny,2
trpaksa,2
pinjol,2
ngubungin,2
menyuruh,2
teliti,2
dimengerti,2
cairin,2
pegadaian,2
pemula,2
norek,2
smalam,2
omong,2
terhenti,2
custemer,2
semacamnya,2
upgret,2
charge,2
suppo,2
peminat,2
shoopepay,2
ginih,2
sendirian,2
beban,2
karen,2
gem,2
barat,2
screenshoot,2
tiada,2
pegel,2
memikirkan,2
bersihkan,2
menutup,2
membantuku,2
pasca,2
tansfer,2
finansial,2
mengarah,2
haram,2
antrinya,2
upgrad,2
servise,2
dibuatkan,2
keatas,2
kepakai,2
teruslah,2
chace,2
mening,2
unisntal,2
printer,2
camera,2
tuh,2
acount,2
habisin,2
kerabat,2
kesemua,2
halus,2
ganguan,2
wib,2
gakbisa,2
prepaid,2
pembaca,2
isa,2
perkataan,2
kekecewaan,2
mencapai,2
artinya,2
wkwkwkw,2
tercantum,2
pembukaan,2
save,2
kejebak,2
me,2
gembel,2
alfamaatau,2
aplikator,2
dihubungkan,2
salin,2
rw,2
diakhiri,2
sata,2
ditentukan,2
berbasis,2
pendidikan,2
merantau,2
biarpun,2
diinstal,2
vpn,2
selfy,2
belah,2
gsm,2
lepas,2
nanggapin,2
dirubah,2
istal,2
facebook,2
disitulah,2
samsat,2
nusantara,2
berkaitan,2
discount,2
diadakan,2
ikutan,2
mini,2
induk,2
merek,2
dimenu,2
dimasa,2
maret,2
gercep,2
tlpnya,2
potongannya,2
anjeng,2
anjir,2
riset,2
pindahkan,2
trnyta,2
castamer,2
interface,2
tru,2
tes,2
nyamanan,2
pengeluaran,2
haruskan,2
mudahkan,2
mengobrol,2
batasnya,2
bulak,2
mengecek,2
menjalankan,2
berdiri,2
andalan,2
dikeluarkan,2
bang,2
gimanah,2
sono,2
dibandingkan,2
kasik,2
sih,2
kenyaman,2
kilat,2
ecommerce,2
warning,2
dihp,2
muat,2
naruh,2
bravo,2
puluh,2
separah,2
sinyalnya,2
diakun,2
berupa,2
egak,2
tran,2
meringankan,2
turut,2
duwit,2
kesannya,2
daya,2
karuan,2
hpnya,2
kutunggu,2
rekomendasikan,2
duluan,2
dimudahkan,2
awas,2
dianjurkan,2
pam,2
disdukcapil,2
hank,2
hah,2
jadilah,2
halal,2
berakhir,2
serial,2
hpku,2
segerah,2
gi,2
dibulan,2
disamping,2
casback,2
positif,2
basic,2
langganan,2
aktivitas,2
terbayarkan,2
indihome,2
kembalian,2
diinstall,2
tunjukkan,2
wis,2
trasaksi,2
depannya,2
pahami,2
prabayar,2
tersisa,2
saldopun,2
applikasinya,2
hiburan,2
jakarta,2
busway,2
pengusaha,2
betah,2
berinovasi,2
menghindari,2
utara,2
bernilai,2
inovasi,2
rutin,2
informasinya,2
kerennya,2
inj,2
memfoto,2
edukasi,2
bolehkan,2
kesan,2
konek,2
periksa,2
dibatas,2
om,2
sopan,2
berlogo,2
bangking,2
chating,2
mencolong,2
far,2
kabarnya,2
mdh,2
menyedihkan,2
sdikit,2
mulus,2
mkasih,2
dimunculkan,2
restar,2
bates,2
jta,2
piturnya,2
invalid,2
malesin,2
buset,2
pantulan,2
mnggu,2
dproses,2
laporanya,2
bapuk,2
diuninstall,2
keblok,2
urungkan,2
mbulet,2
panik,2
dimasukan,2
melanjutkan,2
maintance,2
memotong,2
ditambahin,2
sdgkan,2
kegunaannya,2
ribett,2
share,2
socmed,2
antrianya,2
mengalaminya,2
meninggalkan,2
tokennya,2
outlet,2
anti,2
karyawannya,2
pembatasan,2
indikasi,2
menjual,2
minat,2
stres,2
dibenarkan,2
apalikasi,2
bntang,2
rahasia,2
pikiran,2
ratus,2
fingerprint,2
pernh,2
piye,2
dipindah,2
bberapa,2
terbayar,2
ml,2
brand,2
boros,2
rentan,2
tolg,2
kegagalan,2
sdangkan,2
tenggelam,2
uprage,1
test,1
handling,1
bahagia,1
sebarin,1
jeleknya,1
running,1
didengar,1
milenial,1
kumplit,1
enteng,1
menunjukkan,1
asam,1
terpikirkan,1
spam,1
pelayana,1
letak,1
insal,1
pencemaran,1
curi,1
load,1
referal,1
diperbaik,1
komplainnya,1
transf,1
tunda,1
mlakukan,1
sdngkan,1
peforma,1
ful,1
jdinya,1
off,1
memperbarui,1
perbaikki,1
penghubung,1
ucapan,1
kol,1
komfirmasi,1
restahp,1
gakjelas,1
ulah,1
berlipat,1
berlangganan,1
kelihatannya,1
prime,1
disistem,1
melewatkan,1
periode,1
dipermudahkan,1
sekaranf,1
inu,1
lucunya,1
tampilkan,1
with,1
terapkan,1
mngalami,1
ngikuti,1
teansaksi,1
acun,1
menjengkelkan,1
trnfer,1
membagongkan,1
melalukan,1
sebut,1
menengah,1
menyetujui,1
perlindungan,1
berhati,1
oia,1
komenya,1
berkesan,1
bebaskan,1
gbsa,1
galaxy,1
performanya,1
kg,1
move,1
kemanakah,1
berjuta,1
hedeh,1
dialami,1
haruskah,1
bumi,1
ble,1
mbangking,1
new,1
diharapkan,1
salut,1
disetujui,1
kaget,1
barkode,1
power,1
anjay,1
kuliah,1
devaloper,1
munculin,1
mentog,1
syukur,1
kantong,1
topupnya,1
ggal,1
seharga,1
setuju,1
semalaman,1
samapai,1
pemakaiannya,1
disempurnakan,1
dev,1
rekeningnya,1
kecilan,1
gopey,1
knapah,1
dipikir,1
pokonyaa,1
betulin,1
pinggir,1
yaudahlah,1
mirip,1
tertanam,1
hsil,1
duh,1
dftr,1
payaah,1
apdet,1
ijin,1
diikuti,1
alfamatidak,1
perminggu,1
augustus,1
bawaan,1
hemm,1
anying,1
ikonnya,1
indah,1
debet,1
menjelaskan,1
dicancel,1
refound,1
ditinggalin,1
dibatasin,1
codapay,1
komlen,1
hrga,1
coin,1
sekses,1
berasil,1
sekli,1
option,1
rokok,1
kebijaksanaannya,1
menang,1
bidang,1
kebangetan,1
this,1
beruntung,1
application,1
tumben,1
afa,1
poco,1
sesulit,1
miliki,1
berfaedah,1
luarbiasa,1
diaktifkan,1
ngelola,1
selang,1
telvon,1
diketahui,1
berkepentingan,1
mainkan,1
trimksih,1
request,1
keras,1
mytekomsel,1
dikenain,1
segan,1
menyebar,1
melalaui,1
gamenya,1
menguhubungi,1
misi,1
utilitas,1
training,1
privasi,1
disebar,1
ruet,1
bukalapan,1
aktivasinya,1
sdngkn,1
calon,1
kenain,1
jebule,1
premi,1
kecawa,1
oya,1
neraka,1
emial,1
until,1
ngebug,1
bajak,1
emergency,1
gerakan,1
trmkasih,1
responn,1
terpecaya,1
manipulasi,1
hidupnya,1
buatlah,1
mendem,1
utang,1
didonlod,1
verfikasi,1
oake,1
booming,1
menampung,1
terjelek,1
hlang,1
krang,1
nov,1
gae,1
ani,1
kemanakan,1
paswod,1
smlm,1
konternya,1
telf,1
biadab,1
ri,1
vertikasi,1
tuliskan,1
oakai,1
terproses,1
sangkut,1
tautan,1
faktanya,1
aplikadi,1
akunn,1
terdebit,1
berbicara,1
prlayanan,1
srkali,1
transaksiku,1
menyikapi,1
il,1
kash,1
hayuk,1
kesibukan,1
diturunin,1
koran,1
apgret,1
tdinya,1
alfamasama,1
hubung,1
kepental,1
janjinya,1
emailkan,1
livechat,1
kudus,1
upnya,1
sejam,1
verai,1
pancing,1
kebaikan,1
hardware,1
seandai,1
diandelin,1
terkenal,1
ketidakjelasan,1
sejenisnya,1
samgat,1
memepermudah,1
keteranganya,1
cell,1
cewek,1
viral,1
but,1
kronologi,1
sambungkan,1
jringan,1
bawahnya,1
kompirmasi,1
bukam,1
premuim,1
screen,1
hpir,1
posisinya,1
shopepay,1
revisi,1
kalimat,1
agent,1
dobel,1
gblog,1
vouchernya,1
saing,1
lipat,1
tetepi,1
pelangan,1
persis,1
jaminan,1
stengah,1
tt,1
mereset,1
daun,1
dibukanya,1
membenahi,1
verikasi,1
bermenit,1
optimalkan,1
dichat,1
ojek,1
nmn,1
hahahaha,1
bengong,1
jahat,1
bangsat,1
gih,1
kabarin,1
rekeningku,1
teknologi,1
hangat,1
ters,1
emal,1
kanan,1
kertas,1
solutif,1
keaplikasinya,1
nurutin,1
capture,1
memperumit,1
padajal,1
fif,1
aplilasi,1
terupdate,1
develop,1
kehadiran,1
kepaksa,1
andelin,1
alfamaitu,1
anjuran,1
nyuri,1
digaji,1
urusi,1
bamget,1
keluh,1
restatp,1
uangya,1
ringkas,1
direkening,1
memburuk,1
struknya,1
alhmdulillah,1
ruangan,1
apdate,1
lagend,1
semudah,1
mantan,1
keterima,1
berkedip,1
peguna,1
didaftar,1
mengalahkan,1
cerdas,1
drpda,1
tfr,1
dihargai,1
ilegal,1
dibalik,1
publik,1
gimanasih,1
yes,1
ta,1
karana,1
ngedadak,1
klarifikasi,1
eehh,1
ketutup,1
srius,1
bkrjasama,1
umum,1
dphp,1
menanyakan,1
pengertian,1
unninstal,1
eka,1
dipulihkan,1
digunakannya,1
tertinggal,1
signifikan,1
god,1
ngechat,1
pendingnya,1
alfamagak,1
tlonglah,1
oprator,1
setempat,1
enga,1
customare,1
lanjutnya,1
kfc,1
menggantung,1
komennya,1
net,1
upgrede,1
dibutuhin,1
arahannya,1
menggangu,1
peminjaman,1
semuah,1
teramat,1
melanggar,1
sarannya,1
prinsip,1
giga,1
bergabung,1
bekas,1
unggah,1
terupgrade,1
sinkronisasi,1
sifatnya,1
vision,1
diapk,1
shell,1
pom,1
berangkat,1
kru,1
pitur,1
pemegang,1
kesediaannya,1
diluncurkan,1
hapuskan,1
krtu,1
az,1
singkron,1
ngeblank,1
berfikir,1
upgerd,1
action,1
film,1
petunjuknya,1
jerih,1
gal,1
mmbntu,1
trimksh,1
dkt,1
dibutuh,1
langkahnya,1
kesalahpahaman,1
bau,1
nanganin,1
turutin,1
bentuk,1
keamaan,1
cantumin,1
mengatur,1
mewakili,1
nuggu,1
siswa,1
memohon,1
himbau,1
selasa,1
rekenig,1
iuran,1
fire,1
aturannya,1
pembayaranya,1
padaha,1
menjawab,1
iklannya,1
menemani,1
ngepotong,1
mengecawakan,1
efesien,1
papan,1
diabaikan,1
pertamanya,1
kenomer,1
kosongin,1
menggunakanya,1
kpr,1
tarok,1
anteng,1
adakah,1
adil,1
pencerahanya,1
memakainya,1
inovatif,1
memblokir,1
online,1
alpikasi,1
bolakbalik,1
management,1
menyaingi,1
menghancurkan,1
line,1
sanggup,1
shope,1
cc,1
adek,1
teruntuk,1
backup,1
gocap,1
tugas,1
ngerjain,1
burukk,1
mengenakkan,1
menolong,1
perdana,1
setelahnya,1
awalny,1
memanfaatkan,1
pemberitahuannya,1
sesuaikan,1
semisal,1
eksekusi,1
keputusan,1
kenapah,1
perekonomian,1
lock,1
memulihkan,1
berkunjung,1
spya,1
populer,1
kelewat,1
mobilitas,1
degan,1
membela,1
bela,1
taii,1
tidah,1
iki,1
mulay,1
hu,1
apliksinya,1
vertivikasi,1
agt,1
kperluan,1
kecwa,1
terimakasi,1
alamin,1
membntu,1
tingkatkn,1
kasusnya,1
kuasa,1
dibebankan,1
long,1
lapangan,1
keojk,1
eksternal,1
diapus,1
berpa,1
menguras,1
terlama,1
rkening,1
trafer,1
ramayana,1
protokol,1
work,1
kegunaanya,1
geser,1
ngurang,1
consumen,1
pengenalan,1
livin,1
providernya,1
pol,1
juragan,1
buqt,1
komplennya,1
sado,1
telpn,1
sodara,1
sbelumnya,1
complen,1
bilangny,1
kont,1
direkomendasikan,1
dimananya,1
keki,1
batu,1
ngakses,1
ajaib,1
bin,1
elah,1
bintangya,1
peraturan,1
gawai,1
lan,1
diperjelas,1
lanjar,1
chatting,1
membuktikan,1
ditinggalkan,1
af,1
ferifikasi,1
syrat,1
ditingkat,1
bersinar,1
cina,1
royal,1
confirmasi,1
slowrespon,1
ente,1
cuy,1
be,1
upgrde,1
mules,1
bluetooth,1
later,1
hhe,1
dilengkapi,1
samasekali,1
nope,1
binta,1
naya,1
bodo,1
aksi,1
nek,1
solusix,1
msalh,1
dijelasin,1
upgrage,1
dbls,1
dibank,1
dicairin,1
sambung,1
ios,1
andro,1
jempol,1
menunggunya,1
tingkatin,1
belanjakan,1
dilaporin,1
deteksi,1
let,1
diresta,1
fintech,1
emai,1
bkerja,1
komunis,1
partai,1
kuras,1
berpaling,1
dberi,1
goa,1
ubun,1
trik,1
hariannya,1
survei,1
mengkonfirmasi,1
penilaiannya,1
disetiap,1
kabupaten,1
alfamayg,1
atik,1
memelihara,1
bermasalh,1
diunduh,1
pemerasan,1
izinkan,1
mutar,1
dpet,1
dimakan,1
mekanisme,1
dagangan,1
disediakan,1
indomadan,1
kalimantan,1
atou,1
lacak,1
balek,1
lokasinya,1
menyelesai,1
sebarkan,1
amplikasinya,1
prima,1
geogel,1
kenap,1
lngkap,1
terptong,1
mengasih,1
drdlu,1
pengurusan,1
office,1
double,1
ribed,1
tertangani,1
resign,1
notabene,1
standar,1
undang,1
mgg,1
undian,1
keterlaluan,1
customernya,1
weekend,1
menjelekkan,1
buntung,1
membuang,1
trasper,1
matahari,1
oprasional,1
mncul,1
chas,1
diizinkan,1
profile,1
terpendam,1
dikomplen,1
tangerang,1
pertahanin,1
harapannya,1
kontrol,1
kerjalah,1
kelarnya,1
murahin,1
ngatasin,1
ditempat,1
terjebak,1
nyaldo,1
ajar,1
aktip,1
sapa,1
mandeg,1
diclaim,1
perkara,1
mengisikan,1
bosa,1
pemakain,1
merchantnya,1
dicari,1
perbankan,1
gmnh,1
dk,1
sepi,1
mengizinkan,1
aplikasimu,1
ra,1
buwat,1
pesantren,1
vendor,1
bengkulu,1
berteletele,1
dicuri,1
ditungguin,1
penerimanya,1
jamannya,1
mhl,1
dcoba,1
keseringan,1
tiadakan,1
sudan,1
disalahkan,1
daei,1
brtambah,1
dgan,1
shingga,1
tawarkan,1
backnya,1
cz,1
ambruk,1
spesifik,1
menyangka,1
jwaban,1
menghina,1
etika,1
januari,1
nyakut,1
sengsara,1
ngurangin,1
ngegrab,1
pengisi,1
msukan,1
menggunaka,1
virus,1
bwli,1
benernya,1
sakti,1
harapanya,1
idm,1
mengontrol,1
pembelanjaan,1
membatasi,1
bangeut,1
terendah,1
terlampaui,1
menghadirkan,1
number,1
kemudahannya,1
ngelink,1
ngirimnya,1
jatim,1
perlukan,1
kreatif,1
umkm,1
rasai,1
audit,1
enggk,1
mengutamakan,1
penawaran,1
handpone,1
koordinasi,1
hahahah,1
kampus,1
tagihannya,1
tingkatan,1
asing,1
hadapi,1
set,1
bda,1
berlebihan,1
tranferan,1
tramfer,1
survey,1
dafta,1
nilep,1
hadoh,1
pantek,1
putuskan,1
dengen,1
bnar,1
omg,1
aplikaai,1
bogor,1
abisin,1
transakso,1
much,1
bar,1
trakhir,1
mafia,1
dipromosikan,1
tepotong,1
terkuras,1
sahabat,1
booth,1
information,1
kerasa,1
suppoapa,1
dipertahankan,1
perintahnya,1
jah,1
skarng,1
sedngkan,1
jwbnya,1
surabaya,1
huruf,1
mndingan,1
spesial,1
alfamart,1
berani,1
